worker_ID,head width (mm),task,painted,,,,,
KFSC23W2,1.609,HC,Y,Formica obscuriventris,,,,
KFSC23W3,1.429,HC,Y,,"obscuriventris, neoclara, rufa sp. 1, dakotensis, rufa sp. 2, glacialis, neorufibaris, podzolica, aserva, ulkei",,,
KFSC23W4,1.714,HC,Y,,,,,
KFSC23W5,1.256,HC,Y,,head width and caste,,,
KFSC23W6,1.494,HC,Y,,,,,
KFSC23W7,1.665,HC,Y,,10 formica species. ,,,
KFSC23W8,1.862,HC,Y,,,,,
KFSC23W9,1.522,HC,Y,,is the relationship between head size and task the same in different species. ,,,
KFSC23W12,1.894,NB,Y,,,,,
KFSC23W13,1.794,NB,Y,,,,,
KFSC23W14,1.678,NB,Y,,"PLOC, GLAC, CMOC, SYLC, GLAC, CMOC, PLOC, WASC, EXSC, BLAC, KFSC, NHIC, SYLC, NHIC, SYLC, BLAC, SYLC, BLAC, KFSC, ",,,
KFSC23W15,1.796,NB,Y,,,,,
KFSC23W16,1.711,NB,Y,,2 PLOC,Find species that these id's belong to and make graph for these values. ,,
KFSC23W17,1.794,NB,Y,,2 GLAC,,,
KFSC23W18,1.79,NB,Y,,2 CMOC,,,
KFSC23W19,1.823,NB,Y,,4 SYLC,,,is there a correlation between smaller head widths and certain task assignments in different species. 
KFSC23W25,1.963,PF,Y,,1 WASC,,,honey collector = smaller head sizes. What is correlation between species??
KFSC23W52,1.947,PF,N,,1 EXSC,,,need to find correlation of smaller heads to HC task in each species and compare it to correlation of sizes to other tasks. Then need to compare the correlations between species?
KFSC23W53,1.79,PF,N,,3 BLAC,,,
KFSC23W54,1.933,PF,N,,2 KFSC,,,
KFSC23W55,1.966,PF,N,,2 NHIC,,,
KFSC23W56,1.966,PF,N,,,,,
KFSC23W57,1.693,PF,N,,,,,
KFSC23W58,1.816,PF,N,,NB - ulkei- 1.49,,,
,,,,,,,,
KFSC24W2,1.453,HC,0,obscuriventris,HC-rufa sp. 2-1.27,,,
KFSC24W3,1.286,HC,Y,,,,,
KFSC24W4,1.831,HC,Y,,,,,
KFSC24W5,1.328,HC,Y,,,,,
KFSC24W6,1.326,HC,Y,,,,,
KFSC24W7,1.369,HC,Y,,,,,
KFSC24W8,1.671,HC,Y,,,,,
KFSC24W9,1.139,HC,Y,,,,,
KFSC24W10,1.399,HC,Y,,,,,
KFSC24W11,1.214,HC,Y,,,,,
KFSC24W12,1.947,NB,Y,,,,,
KFSC24W13,1.839,NB,Y,,,,,
KFSC24W14,1.822,NB,Y,,,,,
KFSC24W15,1.498,NB,Y,,,,,
KFSC24W16,1.563,NB,Y,,,,,
KFSC24W17,1.949,NB,Y,,,,,
KFSC24W18,1.655,NB,Y,,,,,
KFSC24W19,1.739,NB,N,,,,,
KFSC24W20,1.843,PF,N,,,,,
KFSC24W21,1.808,PF,N,,,,,
KFSC24W22,1.761,PF,N,,,,,
KFSC24W23,1.831,PF,N,,,,,
KFSC24W24,1.744,PF,N,,,,,
KFSC24W25,1.861,PF,N,,,,,
KFSC24W26,1.865,PF,N,,,,,
KFSC24W27,1.857,PF,N,,,,,
,,,,,,,,
KFSC18W2,1.36,HC,Y,obscuriventris,,,,
KFSC18W3,1.148,HC,Y,,,,,
KFSC18W4,1.163,HC,Y,,,,,
KFSC18W5,1.2,HC,Y,,,,,
KFSC18W6,1.187,HC,Y,,,,,
KFSC18W7,1.03,HC,Y,,,,,
KFSC18W8,1.174,HC,Y,,,,,
KFSC18W9,1.013,HC,Y,,,,,
KFSC18W10,1.61,NB,Y,,,,,
KFSC18W11,1.453,NB,Y,,,,,
KFSC18W12,1.375,NB,Y,,,,,
KFSC18W13,1.614,NB,Y,,,,,
KFSC18W14,1.594,NB,Y,,,,,
KFSC18W15,1.64,NB,N,,,,,
KFSC18W16,1.729,NB,N,,,,,
KFSC18W17,1.489,NB,N,,,,,
KFSC18W18,1.45,PF,Y,,,,,
KFSC18W19,1.733,PF,Y,,,,,
KFSC18W20,1.854,PF,N,,,,,
KFSC18W21,1.61,PF,N,,,,,
KFSC18W22,1.712,PF,N,,,,,
KFSC18W23,1.641,PF,N,,,,,
KFSC18W24,1.686,PF,N,,,,,
KFSC18W25,1.487,PF,N,,,,,
,,,,,,,,
BLAC5W2,1.724,HC,Y,obscuriventris,,,,
BLAC5W3,1.271,HC,Y,,,,,
BLAC5W4,1.057,HC,Y,,,,,
BLAC5W5,1.047,HC,Y,,,,,
BLAC5W6,1.46,HC,Y,,,,,
BLAC5W7,1.031,HC,Y,,,,,
BLAC5W8,1.129,HC,Y,,,,,
BLAC5W9,1.159,HC,Y,,,,,
BLAC5W10,1.786,NB,Y,,,,,
BLAC5W11,1.541,NB,Y,,,,,
BLAC5W12,1.529,NB,Y,,,,,
BLAC5W13,1.363,NB,Y,,,,,
BLAC5W14,1.539,NB,Y,,,,,
BLAC5W15,1.577,NB,Y,,,,,
BLAC5W16,1.773,NB,Y,,,,,
BLAC5W17,1.608,NB,N,,,,,
BLAC5W18,1.205,NB,N,,,,,
BLAC5W19,1.801,PF,N,,,,,
BLAC5W20,1.83,PF,N,,,,,
BLAC5W21,1.782,PF,N,,,,,
BLAC5W22,1.845,PF,N,,,,,
BLAC5W23,1.617,PF,N,,,,,
BLAC5W24,1.503,PF,N,,,,,
BLAC5W25,1.76,PF,N,,,,,
BLAC5W27,1.707,PF,N,,,,,
,,,,,,,,
SYLC5W2,1.528,HC,Y,glacialis,,,,
SYLC5W3,1.22,HC,Y,,,,,
SYLC5W4,1.414,HC,Y,,,,,
SYLC5W5,1.562,HC,Y,,,,,
SYLC5W6,1.406,HC,Y,,,,,
SYLC5W7,1.335,HC,Y,,,,,
SYLC5W8,1.282,HC,Y,,,,,
SYLC5W9,1.364,HC,Y,,,,,
SYLC5W10,1.484,NB,Y,,,,,
SYLC5W11,1.209,NB,Y,,,,,
SYLC5W12,1.478,NB,Y,,,,,
SYLC5W13,1.429,NB,Y,,,,,
SYLC5W14,1.463,NB,Y,,,,,
SYLC5W15,1.416,NB,N,,,,,
SYLC5W16,1.462,NB,N,,,,,
SYLC5W17,1.315,NB,N,,,,,
SYLC5W18,1.451,PF,Y,,,,,
SYLC5W19,1.242,PF,Y,,,,,
SYLC5W20,1.464,PF,N,,,,,
SYLC5W21,1.4,PF,N,,,,,
SYLC5W22,1.501,PF,N,,,,,
SYLC5W23,1.463,PF,N,,,,,
SYLC5W24,1.489,PF,N,,,,,
SYLC5W25,1.483,PF,N,,,,,
,,,,,,,,
BLAC1W2,1.83,HC,Y,obscuriventris,,,,
BLAC1W3,1.203,HC,Y,,,,,
BLAC1W4,1.224,HC,Y,,,,,
BLAC1W5,1.615,HC,Y,,,,,
BLAC1W6,1.273,HC,Y,,,,,
BLAC1W7,1.127,HC,Y,,,,,
BLAC1W8,1.211,HC,Y,,,,,
BLAC1W9,1.209,HC,Y,,,,,
BLAC1W10,1.755,NB,Y,,,,,
BLAC1W11,1.817,NB,Y,,,,,
BLAC1W12,1.919,NB,Y,,,,,
BLAC1W13,1.79,NB,Y,,,,,
BLAC1W14,1.727,NB,Y,,,,,
BLAC1W15,1.865,NB,Y,,,,,
BLAC1W16,1.877,NB,Y,,,,,
BLAC1W17,1.878,NB,Y,,,,,
BLAC1W18,1.702,NB,N,,,,,
BLAC1W19,1.821,PF,N,,,,,
BLAC1W20,1.905,PF,N,,,,,
BLAC1W21,1.8,PF,N,,,,,
BLAC1W22,1.641,PF,N,,,,,
BLAC1W23,1.856,PF,N,,,,,
BLAC1W24,1.827,PF,N,,,,,
BLAC1W25,1.694,PF,N,,,,,
BLAC1W26,2.002,PF,N,,,,,
,,,,,,,,
SYLC2W2,1.112,HC,Y,glacialis,,,,
SYLC2W3,1.304,HC,Y,,,,,
SYLC2W4,1.131,HC,Y,,,,,
SYLC2W5,1.369,HC,Y,,,,,
SYLC2W6,1.293,HC,Y,,,,,
SYLC2W7,1.3,HC,Y,,,,,
SYLC2W8,1.424,HC,Y,,,,,
SYLC2W9,1.364,HC,Y,,,,,
SYLC2W10,1.398,NB,Y,,,,,
SYLC2W11,1.499,NB,N,,,,,
SYLC2W12,1.49,NB,N,,,,,
SYLC2W13,1.328,NB,N,,,,,
SYLC2W14,1.24,NB,N,,,,,
SYLC2W15,1.422,NB,N,,,,,
SYLC2W16,1.384,NB,N,,,,,
SYLC2W17,1.281,NB,N,,,,,
SYLC2W18,1.367,PF,Y,,,,,
SYLC2W19,1.293,PF,Y,,,,,
SYLC2W20,1.337,PF,N,,,,,
SYLC2W21,1.378,PF,N,,,,,
SYLC2W22,1.501,PF,N,,,,,
SYLC2W23,1.375,PF,N,,,,,
SYLC2W24,1.427,PF,N,,,,,
SYLC2W25,1.464,PF,N,,,,,
,,,,,,,,
SYLC12W2,1.256,HC,Y,podzolica,,,,
SYLC12W3,1.482,HC,Y,,,,,
SYLC12W4,1.403,HC,Y,,,,,
SYLC12W5,1.364,HC,Y,,,,,
SYLC12W6,1.421,HC,Y,,,,,
SYLC12W7,1.353,HC,Y,,,,,
SYLC12W8,1.45,HC,Y,,,,,
SYLC12W9,1.264,HC,Y,,,,,
SYLC12W10,1.538,NB,Y,,,,,
SYLC12W11,1.58,NB,Y,,,,,
SYLC12W12,1.504,NB,Y,,,,,
SYLC12W13,1.357,NB,Y,,,,,
SYLC12W14,1.38,NB,Y,,,,,
SYLC12W15,1.478,NB,Y,,,,,
SYLC12W16,1.542,NB,Y,,,,,
SYLC12W17,1.396,NB,N,,,,,
SYLC12W18,1.501,PF,Y,,,,,
SYLC12W19,1.585,PF,Y,,,,,
SYLC12W20,1.468,PF,N,,,,,
SYLC12W21,1.482,PF,N,,,,,
SYLC12W22,1.407,PF,N,,,,,
SYLC12W23,1.315,PF,N,,,,,
SYLC12W24,1.444,PF,N,,,,,
SYLC12W25,1.266,PF,N,,,,,
,,,,,,,,
SYLC17W2,1.464,HC,Y,podzolica,,,,
SYLC17W3,1.383,HC,Y,,,,,
SYLC17W4,1.336,HC,Y,,,,,
SYLC17W5,1.402,HC,Y,,,,,
SYLC17W6,1.308,HC,Y,,,,,
SYLC17W7,1.472,HC,Y,,,,,
SYLC17W8,1.531,HC,Y,,,,,
SYLC17W9,1.519,HC,Y,,,,,
SYLC17W10,1.363,NB,Y,,,,,
SYLC17W11,1.491,NB,Y,,,,,
SYLC17W12,1.527,NB,N,,,,,
SYLC17W13,1.415,NB,N,,,,,
SYLC17W14,1.42,NB,N,,,,,
SYLC17W15,1.322,NB,N,,,,,
SYLC17W16,1.521,NB,N,,,,,
SYLC17W17,1.515,NB,N,,,,,
SYLC17W18,1.42,PF,Y,,,,,
SYLC17W19,1.573,PF,Y,,,,,
SYLC17W20,1.481,PF,N,,,,,
SYLC17W21,1.517,PF,N,,,,,
SYLC17W22,1.49,PF,N,,,,,
SYLC17W23,1.51,PF,N,,,,,
SYLC17W24,1.49,PF,N,,,,,
SYLC17W25,1.25,PF,N,,,,,
,,,,,,,,
NHIC1W2,1.318,HC,Y,glacialis,,,,
NHIC1W3,1.45,HC,Y,,,,,
NHIC1W4,1.373,HC,Y,,,,,
NHIC1W5,1.405,HC,Y,,,,,
NHIC1W6,1.447,HC,Y,,,,,
NHIC1W7,1.406,HC,Y,,,,,
NHIC1W8,1.383,HC,Y,,,,,
NHIC1W9,1.469,HC,Y,,,,,
NHIC1W10,1.439,NB,N,,,,,
NHIC1W11,1.387,NB,N,,,,,
NHIC1W12,1.491,NB,N,,,,,
NHIC1W13,1.44,NB,N,,,,,
NHIC1W14,1.428,NB,N,,,,,
NHIC1W15,1.455,NB,N,,,,,
NHIC1W16,1.368,NB,N,,,,,
NHIC1W17,1.5,NB,N,,,,,
NHIC1W18,1.461,PF,Y,,,,,
NHIC1W19,1.391,PF,Y,,,,,
NHIC1W20,1.361,PF,Y,,,,,
NHIC1W21,1.365,PF,N,,,,,
NHIC1W22,1.392,PF,N,,,,,
NHIC1W23,1.335,PF,N,,,,,
NHIC1W24,1.48,PF,N,,,,,
NHIC1W25,1.423,PF,N,,,,,
,,,,,,,,
SYLC23W2,1.743,HC,Y,aserva,,,,
SYLC23W3,1.659,HC,Y,,,,,
SYLC23W4,1.44,HC,Y,,,,,
SYLC23W5,1.508,HC,Y,,,,,
SYLC23W6,1.486,HC,Y,,,,,
SYLC23W7,1.228,HC,Y,,,,,
SYLC23W8,1.396,HC,Y,,,,,
SYLC23W9,1.317,HC,Y,,,,,
SYLC23W10,1.413,NB,Y,,,,,
SYLC23W11,1.713,NB,N,,,,,
SYLC23W12,1.496,NB,N,,,,,
SYLC23W13,1.805,NB,N,,,,,
SYLC23W14,1.343,NB,N,,,,,
SYLC23W15,1.727,NB,N,,,,,
SYLC23W16,1.604,NB,N,,,,,
SYLC23W17,1.742,NB,N,,,,,
SYLC23W18,1.694,PF,N,,,,,
SYLC23W19,1.78,PF,N,,,,,
SYLC23W20,1.399,PF,N,,,,,
SYLC23W21,1.602,PF,N,,,,,
SYLC23W22,1.822,PF,N,,,,,
SYLC23W23,1.545,PF,N,,,,,
SYLC23W24,1.747,PF,N,,,,,
SYLC23W25,1.598,PF,N,,,,,
,,,,,,,,
SYLC11W2,1.725,HC,Y,aserva,,,,
SYLC11W3,1.097,HC,Y,,,,,
SYLC11W4,1.353,HC,Y,,,,,
SYLC11W5,1.46,HC,Y,,,,,
SYLC11W6,1.406,HC,Y,,,,,
SYLC11W7,1.438,HC,Y,,,,,
SYLC11W8,1.221,HC,Y,,,,,
SYLC11W9,1.395,HC,Y,,,,,
SYLC11W10,1.828,NB,Y,,,,,
SYLC11W11,1.841,NB,Y,,,,,
SYLC11W12,1.987,NB,N,,,,,
SYLC11W13,1.961,NB,N,,,,,
SYLC11W14,1.906,NB,N,,,,,
SYLC11W15,1.55,NB,N,,,,,
SYLC11W16,1.656,NB,N,,,,,
SYLC11W17,2.017,PF,N,,,,,
SYLC11W18,1.675,PF,N,,,,,
SYLC11W19,1.983,PF,N,,,,,
SYLC11W20,1.785,PF,N,,,,,
SYLC11W21,1.814,PF,N,,,,,
SYLC11W22,1.89,PF,N,,,,,
SYLC11W23,1.822,PF,N,,,,,
SYLC11W24,1.733,PF,N,,,,,
,,,,,,,,
SYLC10W2,1.478,HC,Y,glacialis,,,,
SYLC10W3,1.426,HC,Y,,,,,
SYLC10W4,1.142,HC,Y,,,,,
SYLC10W5,1.284,HC,Y,,,,,
SYLC10W6,1.371,HC,Y,,,,,
SYLC10W7,1.431,HC,Y,,,,,
SYLC10W8,1.323,HC,Y,,,,,
SYLC10W9,1.407,HC,Y,,,,,
SYLC10W10,1.415,NB,Y,,,,,
SYLC10W11,1.428,NB,Y,,,,,
SYLC10W12,1.466,NB,N,,,,,
SYLC10W13,1.341,NB,N,,,,,
SYLC10W14,1.345,NB,N,,,,,
SYLC10W15,1.418,NB,N,,,,,
SYLC10W16,1.238,NB,N,,,,,
SYLC10W17,1.351,NB,N,,,,,
SYLC10W18,1.344,PF,N,,,,,
SYLC10W19,1.489,PF,N,,,,,
SYLC10W20,1.353,PF,N,,,,,
SYLC10W21,1.273,PF,N,,,,,
SYLC10W22,1.259,PF,N,,,,,
SYLC10W23,1.356,PF,N,,,,,
SYLC10W24,1.198,PF,N,,,,,
SYLC10W25,1.451,PF,N,,,,,
,,,,,,,,
SYLC16W2,1.071,HC,Y,podzolica,,,,
SYLC16W3,1.069,HC,Y,,,,,
SYLC16W4,1.394,HC,Y,,,,,
SYLC16W5,1.085,HC,Y,,,,,
SYLC16W6,1.344,HC,Y,,,,,
SYLC16W7,1.004,HC,Y,,,,,
SYLC16W8,1.065,HC,Y,,,,,
SYLC16W9,1.066,HC,Y,,,,,
SYLC16W10,1.485,NB,N,,,,,
SYLC16W11,1.527,NB,N,,,,,
SYLC16W12,1.415,NB,N,,,,,
SYLC16W13,1.481,NB,N,,,,,
SYLC16W14,1.479,NB,N,,,,,
SYLC16W15,1.402,PF,Y,,,,,
SYLC16W16,1.216,PF,N,,,,,
SYLC16W17,1.095,PF,N,,,,,
SYLC16W18,1.367,PF,N,,,,,
SYLC16W19,1.14,PF,N,,,,,
SYLC16W20,1.177,PF,N,,,,,
SYLC16W21,1.464,PF,N,,,,,
SYLC16W22,1.246,PF,N,,,,,
,,,,,,,,
SYLC15W2,1.481,HC,Y,ulkei,,,,
SYLC15W3,1.475,HC,Y,,,,,
SYLC15W4,1.417,HC,Y,,,,,
SYLC15W5,1.421,HC,Y,,,,,
SYLC15W6,1.416,HC,Y,,,,,
SYLC15W7,1.482,HC,Y,,,,,
SYLC15W8,1.378,HC,Y,,,,,
SYLC15W9,1.488,HC,Y,,,,,
SYLC15W10,1.443,NB,Y,,,,,
SYLC15W11,1.59,NB,Y,,,,,
SYLC15W12,1.575,NB,Y,,,,,
SYLC15W13,1.535,NB,Y,,,,,
SYLC15W14,1.423,NB,N,,,,,
SYLC15W15,1.427,NB,N,,,,,
SYLC15W16,1.516,NB,N,,,,,
SYLC15W17,1.539,NB,N,,,,,
SYLC15W18,1.33,PF,N,,,,,
SYLC15W19,1.58,PF,N,,,,,
SYLC15W20,1.544,PF,N,,,,,
SYLC15W21,1.502,PF,N,,,,,
SYLC15W22,1.592,PF,N,,,,,
SYLC15W23,1.562,PF,N,,,,,
SYLC15W24,1.529,PF,N,,,,,
,,,,,,,,
SYLC18W2,1.299,HC,Y,neoclara,,,,
SYLC18W3,1.306,HC,Y,,,,,
SYLC18W4,1.24,HC,Y,,,,,
SYLC18W5,1.425,HC,Y,,,,,
SYLC18W6,1.287,HC,Y,,,,,
SYLC18W7,1.169,HC,Y,,,,,
SYLC18W8,1.221,HC,Y,,,,,
SYLC18W9,1.215,HC,Y,,,,,
SYLC18W10,1.281,NB,N,,,,,
SYLC18W11,1.222,NB,N,,,,,
SYLC18W12,1.297,NB,N,,,,,
SYLC18W13,1.185,NB,N,,,,,
SYLC18W14,1.346,NB,N,,,,,
SYLC18W15,1.268,NB,N,,,,,
SYLC18W16,1.169,NB,N,,,,,
SYLC18W17,1.296,NB,N,,,,,
SYLC18W18,1.292,PF,Y,,,,,
SYLC18W19,1.322,PF,N,,,,,
SYLC18W20,1.406,PF,N,,,,,
SYLC18W21,1.263,PF,N,,,,,
SYLC18W22,1.386,PF,N,,,,,
SYLC18W23,1.195,PF,N,,,,,
SYLC18W24,1.253,PF,N,,,,,
SYLC18W25,1.228,PF,N,,,,,
,,,,,,,,
SYLC19W2,1.133,HC,Y,glacialis,,,,
SYLC19W3,1.232,HC,Y,,,,,
SYLC19W4,1.295,HC,Y,,,,,
SYLC19W5,1.19,HC,Y,,,,,
SYLC19W6,1.205,HC,Y,,,,,
SYLC19W7,1.036,HC,Y,,,,,
SYLC19W8,1.395,HC,Y,,,,,
SYLC19W9,1.267,HC,Y,,,,,
SYLC19W10,1.415,NB,Y,,,,,
SYLC19W11,1.136,NB,N,,,,,
SYLC19W12,1.426,NB,N,,,,,
SYLC19W13,1.293,NB,N,,,,,
SYLC19W14,1.193,NB,N,,,,,
SYLC19W15,1.129,NB,N,,,,,
SYLC19W16,1.296,NB,N,,,,,
SYLC19W17,1.271,NB,N,,,,,
SYLC19W18,1.361,PF,Y,,,,,
SYLC19W19,1.218,PF,N,,,,,
SYLC19W20,1.299,PF,N,,,,,
SYLC19W21,1.261,PF,N,,,,,
SYLC19W22,1.245,PF,N,,,,,
SYLC19W23,1.182,PF,N,,,,,
SYLC19W24,1.14,PF,N,,,,,
SYLC19W25,1.31,PF,N,,,,,
,,,,,,,,
SYLC20W2,1.439,HC,Y,aserva,,,,
SYLC20W3,1.513,HC,Y,,,,,
SYLC20W4,1.604,HC,Y,,,,,
SYLC20W5,1.463,HC,Y,,,,,
SYLC20W6,1.526,HC,Y,,,,,
SYLC20W7,1.752,HC,Y,,,,,
SYLC20W8,1.182,HC,Y,,,,,
SYLC20W9,1.333,HC,Y,,,,,
SYLC20W10,1.842,NB,Y,,,,,
SYLC20W11,1.789,NB,N,,,,,
SYLC20W12,1.718,NB,N,,,,,
SYLC20W13,1.712,NB,N,,,,,
SYLC20W14,1.276,NB,N,,,,,
SYLC20W15,1.845,NB,N,,,,,
SYLC20W16,1.868,NB,N,,,,,
SYLC20W17,1.582,NB,N,,,,,
SYLC20W18,1.888,PF,N,,,,,
SYLC20W19,1.867,PF,N,,,,,
SYLC20W20,1.827,PF,N,,,,,
SYLC20W21,1.856,PF,N,,,,,
,,,,,,,,
SYLC21W2,1.079,HC,Y,glacialis,,,,
SYLC21W3,1.061,HC,Y,,,,,
SYLC21W4,1.105,HC,Y,,,,,
SYLC21W5,1.044,HC,Y,,,,,
SYLC21W6,1.221,HC,Y,,,,,
SYLC21W7,1.136,HC,Y,,,,,
SYLC21W8,1.18,HC,Y,,,,,
SYLC21W9,1.08,HC,Y,,,,,
SYLC21W10,1.306,NB,Y,,,,,
SYLC21W11,1.052,NB,N,,,,,
SYLC21W12,1.089,NB,N,,,,,
SYLC21W13,1.327,NB,N,,,,,
SYLC21W14,1.079,NB,N,,,,,
SYLC21W15,1.176,NB,N,,,,,
SYLC21W16,1.073,NB,N,,,,,
SYLC21W17,1.101,NB,N,,,,,
SYLC21W18,1.157,PF,Y,,,,,
SYLC21W19,1.131,PF,Y,,,,,
SYLC21W20,1.127,PF,Y,,,,,
SYLC21W21,1.169,PF,Y,,,,,
SYLC21W22,1.15,PF,Y,,,,,
SYLC21W23,1.128,PF,Y,,,,,
SYLC21W24,1.025,PF,Y,,,,,
SYLC21W25,1.213,PF,N,,,,,
,,,,,,,,
SYLC22W2,1.488,HC,Y,podzolica,,,,
SYLC22W3,1.22,HC,Y,,,,,
SYLC22W4,1.423,HC,Y,,,,,
SYLC22W5,1.416,HC,Y,,,,,
SYLC22W6,1.472,HC,Y,,,,,
SYLC22W7,1.361,HC,Y,,,,,
SYLC22W8,1.414,HC,Y,,,,,
SYLC22W9,1.351,HC,Y,,,,,
SYLC22W10,1.435,NB,N,,,,,
SYLC22W11,1.431,NB,N,,,,,
SYLC22W12,1.5,NB,N,,,,,
SYLC22W13,1.432,NB,N,,,,,
SYLC22W14,1.427,NB,N,,,,,
SYLC22W15,1.445,NB,N,,,,,
SYLC22W16,1.485,NB,N,,,,,
SYLC22W17,1.532,PF,N,,,,,
SYLC22W18,1.404,PF,N,,,,,
SYLC22W19,1.436,PF,N,,,,,
SYLC22W20,1.477,PF,N,,,,,
SYLC22W21,1.567,PF,N,,,,,
SYLC22W22,1.229,PF,N,,,,,
SYLC22W23,1.496,PF,N,,#NAME?,,,
,,,,,,,,
NHIC3W2,1.185,HC,Y,obscuriventris,,,,
NHIC3W3,1.243,HC,Y,,,,,
NHIC3W4,1.229,HC,Y,,,,,
NHIC3W5,1.216,HC,Y,,,,,
NHIC3W6,1.365,HC,Y,,,,,
NHIC3W7,1.38,HC,Y,,,,,
NHIC3W8,1.23,HC,Y,,,,,
NHIC3W9,1.188,HC,Y,,,,,
NHIC3W10,1.934,NB,Y,,,,,
NHIC3W11,1.529,NB,Y,,,,,
NHIC3W12,1.994,NB,Y,,,,,
NHIC3W13,1.582,NB,Y,,,,,
NHIC3W14,1.869,NB,Y,,,,,
NHIC3W15,1.899,NB,Y,,,,,
NHIC3W16,1.803,NB,Y,,,,,
NHIC3W17,1.79,NB,Y,,,,,
NHIC3W18,1.523,PF,N,,,,,
NHIC3W19,1.592,PF,N,,,,,
NHIC3W20,1.413,PF,N,,,,,
NHIC3W21,1.999,PF,N,,,,,
NHIC3W22,1.752,PF,N,,,,,
NHIC3W23,1.625,PF,N,,,,,
NHIC3W24,1.352,PF,N,,,,,
NHIC3W25,1.716,PF,N,,,,,
,,,,,,,,
NHIC8W2,1.219,HC,Y,neoclara,,,,
NHIC8W3,1.186,HC,Y,,,,,
NHIC8W4,1.196,HC,Y,,,,,
NHIC8W5,1.16,HC,Y,,,,,
NHIC8W6,1.183,HC,Y,,,,,
NHIC8W7,1.103,HC,Y,,,,,
NHIC8W8,1.172,HC,Y,,,,,
NHIC8W9,1.128,HC,Y,,,,,
NHIC8W10,1.238,NB,Y,,,,,
NHIC8W11,1.14,NB,N,,,,,
NHIC8W12,1.351,NB,N,,,,,
NHIC8W13,1.373,NB,N,,,,,
NHIC8W14,1.164,NB,N,,,,,
NHIC8W15,1.269,NB,N,,,,,
NHIC8W16,1.257,NB,N,,,,,
NHIC8W17,1.203,NB,N,,,,,
NHIC8W18,1.19,PF,N,,,,,
NHIC8W19,1.227,PF,N,,,,,
NHIC8W20,1.242,PF,N,,,,,
NHIC8W21,1.324,PF,N,,,,,
NHIC8W22,1.253,PF,N,,,,,
NHIC8W23,1.34,PF,N,,,,,
NHIC8W24,1.271,PF,N,,,,,
NHIC8W25,1.317,PF,N,,,,,
,,,,,,,,
KFSC12W2,1.222,HC,N,podzolica,,,,
KFSC12W3,1.312,HC,N,,,,,
KFSC12W4,1.296,HC,N,,,,,
KFSC12W5,1.242,HC,N,,,,,
KFSC12W6,1.234,HC,N,,,,,
KFSC12W7,1.227,HC,N,,,,,
KFSC12W8,1.125,HC,N,,,,,
KFSC12W9,1.372,HC,N,,,,,
KFSC12W10,1.23,NB,N,,,,,
KFSC12W11,1.169,NB,N,,,,,
KFSC12W12,1.162,NB,N,,,,,
KFSC12W13,1.346,NB,N,,,,,
KFSC12W14,1.127,NB,N,,,,,
KFSC12W15,1.336,NB,N,,,,,
KFSC12W16,1.218,NB,N,,,,,
KFSC12W17,1.148,NB,N,,,,,
KFSC12W18,1.443,PF,N,,,,,
KFSC12W19,1.229,PF,N,,,,,
KFSC12W20,1.427,PF,N,,,,,
KFSC12W21,1.296,PF,N,,,,,
KFSC12W22,1.172,PF,N,,,,,
KFSC12W23,1.172,PF,N,,,,,
KFSC12W24,1.147,PF,N,,,,,
KFSC12W25,1.301,PF,N,,,,,
,,,,,,,,
KFSC11W2,1.455,HC,Y,obscuriventris,,,,
KFSC11W3,1.323,HC,Y,,,,,
KFSC11W4,1.521,HC,Y,,,,,
KFSC11W5,1.36,HC,Y,,,,,
KFSC11W6,1.404,HC,Y,,,,,
KFSC11W7,1.327,HC,Y,,,,,
KFSC11W8,1.362,HC,Y,,,,,
KFSC11W9,1.423,HC,Y,,,,,
KFSC11W10,1.599,NB,Y,,,,,
KFSC11W11,1.991,NB,Y,,,,,
KFSC11W12,1.903,NB,Y,,,,,
KFSC11W13,1.508,NB,Y,,,,,
KFSC11W14,1.763,NB,Y,,,,,
KFSC11W15,1.779,NB,Y,,,,,
KFSC11W16,1.731,NB,Y,,,,,
KFSC11W17,1.698,NB,Y,,,,,
,,,,,,,,
KFSC10W2,1.945,NB,Y,obscuriventris,,,,
KFSC10W3,1.924,NB,Y,,,,,
KFSC10W4,1.614,NB,Y,,,,,
KFSC10W5,1.987,NB,Y,,,,,
KFSC10W6,1.98,NB,N,,,,,
KFSC10W7,1.632,NB,N,,,,,
KFSC10W8,1.78,NB,N,,,,,
KFSC10W9,1.531,NB,N,,,,,
KFSC10W10,1.916,PF,Y,,,,,
KFSC10W11,1.668,PF,Y,,,,,
KFSC10W12,1.459,PF,Y,,,,,
KFSC10W13,1.762,PF,N,,,,,
KFSC10W14,1.779,PF,N,,,,,
KFSC10W15,1.941,PF,N,,,,,
KFSC10W16,1.758,PF,N,,,,,
KFSC10W17,1.818,PF,N,,,,,
,,,,,,,,
KFSC13W2,1.07,HC,Y,podzolica,,,,
KFSC13W3,1.063,HC,Y,,,,,
KFSC13W4,1.092,HC,Y,,,,,
KFSC13W5,1.094,HC,N,,,,,
KFSC13W6,1.158,HC,N,,,,,
KFSC13W7,1.171,HC,N,,,,,
KFSC13W8,1.18,HC,N,,,,,
KFSC13W9,1.087,HC,N,,,,,
KFSC13W10,1.371,NB,N,,,,,
KFSC13W11,1.451,NB,N,,,,,
KFSC13W12,1.348,NB,N,,,,,
KFSC13W13,1.43,NB,N,,,,,
KFSC13W14,1.192,NB,N,,,,,
KFSC13W15,1.157,PF,N,,,,,
KFSC13W16,1.296,PF,N,,,,,
KFSC13W17,1.102,PF,N,,,,,
KFSC13W18,1.345,PF,N,,,,,
,,,,,,,,
KFSC14W2,1.578,HC,Y,obscuriventris,,,,
KFSC14W3,1.344,HC,Y,,,,,
KFSC14W4,1.229,HC,Y,,,,,
KFSC14W5,1.599,HC,Y,,,,,
KFSC14W6,1.591,HC,Y,,,,,
KFSC14W7,1.24,HC,Y,,,,,
KFSC14W8,1.231,HC,Y,,,,,
KFSC14W9,1.419,HC,Y,,,,,
KFSC14W10,2.001,NB,Y,,,,,
KFSC14W11,1.815,NB,Y,,,,,
KFSC14W12,2.044,NB,Y,,,,,
KFSC14W13,1.893,NB,Y,,,,,
KFSC14W14,1.893,NB,Y,,,,,
KFSC14W15,1.896,NB,Y,,,,,
KFSC14W16,1.952,NB,Y,,,,,
KFSC14W17,1.893,NB,Y,,,,,
KFSC14W18,1.874,PF,N,,,,,
,,,,,,,,
KFSC15W2,1.098,HC,N,neoclara,,,,
KFSC15W3,1.112,HC,N,,,,,
KFSC15W4,1.084,HC,N,,,,,
KFSC15W5,1.142,HC,N,,,,,
KFSC15W6,1.09,HC,N,,,,,
KFSC15W7,1.204,HC,N,,,,,
KFSC15W8,1.075,HC,N,,,,,
KFSC15W9,1.085,HC,N,,,,,
KFSC15W10,1.156,NB,N,,,,,
KFSC15W11,1.044,NB,N,,,,,
KFSC15W12,1.015,PF,N,,,,,
KFSC15W13,1.136,PF,N,,,,,
KFSC15W14,1.17,PF,N,,,,,
KFSC15W15,1.085,PF,N,,,,,
KFSC15W16,1.093,PF,N,,,,,
KFSC15W17,1.036,PF,N,,,,,
KFSC15W18,1.133,PF,N,,,,,
KFSC15W19,1.08,PF,N,,,,,
,,,,,,,,
KFSC16W2,1.193,HC,N,neoclara,,,,
KFSC16W3,1.246,HC,N,,,,,
KFSC16W4,1.348,HC,N,,,,,
KFSC16W5,1.125,HC,N,,,,,
KFSC16W6,1.25,HC,N,,,,,
KFSC16W7,1.196,HC,N,,,,,
KFSC16W8,1.184,HC,N,,,,,
KFSC16W9,1.267,HC,N,,,,,
KFSC16W10,1.329,NB,N,,,,,
KFSC16W11,1.319,NB,N,,,,,
KFSC16W12,1.244,NB,N,,,,,
KFSC16W13,1.233,NB,N,,,,,
KFSC16W14,1.146,NB,N,,,,,
KFSC16W15,1.378,NB,N,,,,,
KFSC16W16,1.183,NB,N,,,,,
KFSC16W17,1.174,NB,N,,,,,
KFSC16W18,1.247,PF,N,,,,,
KFSC16W19,1.369,PF,N,,,,,
KFSC16W20,1.348,PF,N,,,,,
KFSC16W21,1.367,PF,N,,,,,
KFSC16W22,1.071,PF,N,,,,,
KFSC16W23,1.17,PF,N,,,,,
KFSC16W24,1.119,PF,N,,,,,
KFSC16W25,1.184,PF,N,,,,,
,,,,,,,,
KFSC25W2,1.275,HC,Y,podzolica,,,,
KFSC25W3,1.32,HC,Y,,,,,
KFSC25W4,1.177,HC,Y,,,,,
KFSC25W5,1.395,HC,Y,,,,,
KFSC25W6,1.131,HC,Y,,,,,
KFSC25W7,1.31,HC,Y,,,,,
KFSC25W8,1.231,HC,Y,,,,,
KFSC25W9,1.371,HC,Y,,,,,
KFSC25W10,1.386,NB,Y,,,,,
KFSC25W11,1.251,NB,Y,,,,,
KFSC25W12,1.297,NB,N,,,,,
KFSC25W13,1.231,NB,N,,,,,
KFSC25W14,1.251,NB,N,,,,,
KFSC25W15,1.331,NB,N,,,,,
KFSC25W16,1.304,NB,N,,,,,
KFSC25W17,1.285,NB,N,,,,,
KFSC25W18,1.284,PF,N,,,,,
KFSC25W19,1.364,PF,N,,,,,
KFSC25W20,1.257,PF,N,,,,,
KFSC25W21,1.328,PF,N,,,,,
KFSC25W22,1.32,PF,N,,,,,
KFSC25W23,1.263,PF,N,,,,,
KFSC25W24,1.354,PF,N,,,,,
KFSC25W25,1.143,PF,N,,,,,
,,,,,,,,
KFSC26W2,1.027,HC,N,neoclara,,,,
KFSC26W3,1.006,HC,N,,,,,
KFSC26W4,1.098,HC,N,,,,,
KFSC26W5,1.166,HC,N,,,,,
KFSC26W6,1.213,HC,N,,,,,
KFSC26W7,1.089,HC,N,,,,,
KFSC26W8,1.002,HC,N,,,,,
KFSC26W9,1.132,HC,N,,,,,
KFSC26W10,1.232,NB,N,,,,,
KFSC26W11,1.225,NB,N,,,,,
KFSC26W12,1.285,NB,N,,,,,
KFSC26W13,1.16,NB,N,,,,,
KFSC26W14,1.165,NB,N,,,,,
KFSC26W15,1.264,NB,N,,,,,
KFSC26W16,1.039,NB,N,,,,,
KFSC26W17,1.145,NB,N,,,,,
KFSC26W18,1.146,PF,N,,,,,
KFSC26W19,1.142,PF,N,,,,,
KFSC26W20,1.143,PF,N,,,,,
KFSC26W21,1.355,PF,N,,,,,
KFSC26W22,1.057,PF,N,,,,,
KFSC26W23,1.214,PF,N,,,,,
KFSC26W24,1.153,PF,N,,,,,
KFSC26W25,1.18,PF,N,,,,,
KFSC26W26,1.067,HC,Y,,,,,
KFSC26W27,1.216,HC,Y,,,,,
KFSC26W28,1.199,HC,Y,,,,,
KFSC26W29,1.22,HC,Y,,,,,
KFSC26W30,1.097,HC,Y,,,,,
KFSC26W31,1.162,HC,Y,,,,,
KFSC26W32,1.051,HC,Y,,,,,
KFSC26W33,1.105,HC,Y,,,,,
,,,,,,,,
KFSC27W2,1.381,HC,Y,obscuriventris,,,,
KFSC27W3,1.151,HC,Y,,,,,
KFSC27W4,1.18,HC,Y,,,,,
KFSC27W5,1.212,HC,Y,,,,,
KFSC27W6,1.437,HC,Y,,,,,
KFSC27W7,1.186,HC,Y,,,,,
KFSC27W8,1.737,HC,Y,,,,,
KFSC27W9,1.442,HC,Y,,,,,
KFSC27W10,1.868,NB,Y,,,,,
KFSC27W11,1.857,NB,Y,,,,,
KFSC27W12,1.984,NB,Y,,,,,
KFSC27W13,1.932,NB,Y,,,,,
KFSC27W14,1.953,NB,Y,,,,,
KFSC27W15,1.646,NB,Y,,,,,
KFSC27W16,1.891,NB,Y,,,,,
KFSC27W17,1.965,NB,Y,,,,,
KFSC27W18,1.766,PF,N,,,,,
KFSC27W19,1.617,PF,N,,,,,
KFSC27W20,1.846,PF,N,,,,,
,,,,,,,,
KFSC28W2,1.17,HC,Y,podzolica,,,,
KFSC28W3,1.375,HC,Y,,,,,
KFSC28W4,1.432,HC,Y,,,,,
KFSC28W5,1.3,HC,Y,,,,,
KFSC28W6,1.368,HC,Y,,,,,
KFSC28W7,1.178,HC,Y,,,,,
KFSC28W8,1.228,HC,Y,,,,,
KFSC28W9,1.383,HC,Y,,,,,
KFSC28W10,1.143,NB,N,,,,,
KFSC28W11,1.3,NB,N,,,,,
KFSC28W12,1.429,NB,N,,,,,
KFSC28W13,1.414,NB,N,,,,,
KFSC28W14,1.386,NB,N,,,,,
KFSC28W15,1.213,PF,Y,,,,,
KFSC28W16,1.311,PF,Y,,,,,
KFSC28W17,1.197,PF,N,,,,,
KFSC28W18,1.114,PF,N,,,,,
KFSC28W19,1.165,PF,N,,,,,
KFSC28W20,1.108,PF,N,,,,,
KFSC28W21,1.213,PF,N,,,,,
,,,,,,,,
BLAC2W2,1.023,HC,Y,neoclara,,,,
BLAC2W3,1.093,HC,Y,,,,,
BLAC2W4,1.024,HC,Y,,,,,
BLAC2W5,1.132,HC,Y,,,,,
BLAC2W6,1.154,HC,Y,,,,,
BLAC2W7,1.08,HC,Y,,,,,
BLAC2W8,1.127,HC,Y,,,,,
BLAC2W9,1.104,HC,Y,,,,,
BLAC2W10,1.044,NB,N,,,,,
BLAC2W11,1.09,NB,N,,,,,
BLAC2W12,1.18,NB,N,,,,,
BLAC2W13,1.103,NB,N,,,,,
BLAC2W14,1.09,NB,N,,,,,
BLAC2W15,1.165,PF,Y,,,,,
BLAC2W16,1.067,PF,N,,,,,
BLAC2W17,1.148,PF,N,,,,,
BLAC2W18,1.078,PF,N,,,,,
BLAC2W19,0.989,PF,N,,,,,
BLAC2W20,1.145,PF,N,,,,,
BLAC2W21,1.237,PF,N,,,,,
BLAC2W22,1.104,PF,N,,,,,
,,,,,,,,
BLAC3W2,1.069,HC,Y,obscuriventris? Failed RADseq,,,,
BLAC3W3,1.295,HC,Y,,,,,
BLAC3W4,1.224,HC,Y,,,,,
BLAC3W5,1.027,HC,Y,,,,,
BLAC3W6,1.059,HC,Y,,,,,
BLAC3W7,1.23,HC,Y,,,,,
BLAC3W8,1.184,HC,Y,,,,,
BLAC3W9,1.25,HC,Y,,,,,
BLAC3W10,1.907,NB,Y,,,,,
BLAC3W11,1.801,NB,Y,,,,,
BLAC3W12,1.873,NB,Y,,,,,
BLAC3W13,1.758,NB,Y,,,,,
BLAC3W14,1.918,NB,Y,,,,,
BLAC3W15,1.852,NB,Y,,,,,
BLAC3W16,1.799,NB,Y,,,,,
BLAC3W17,1.707,NB,Y,,,,,
BLAC3W18,1.9,PF,N,,,,,
BLAC3W19,1.855,PF,N,,,,,
BLAC3W20,1.815,PF,N,,,,,
BLAC3W21,1.936,PF,N,,,,,
BLAC3W22,1.985,PF,N,,,,,
BLAC3W23,1.787,PF,N,,,,,
BLAC3W24,1.854,PF,N,,,,,
BLAC3W25,1.955,PF,N,,,,,
,,,,,,,,
BLAC4W2,1.127,HC,Y,neoclara,,,,
BLAC4W3,1.024,HC,Y,neoclara,,,,
BLAC4W4,1.092,HC,Y,neoclara,,,,
BLAC4W5,0.998,HC,Y,neoclara,,,,
BLAC4W6,1.025,HC,Y,neoclara,,,,
BLAC4W7,1.008,HC,Y,neoclara,,,,
BLAC4W8,1.027,HC,Y,neoclara,,,,
BLAC4W9,1.038,HC,Y,neoclara,,,,
BLAC4W10,1.371,NB,N,neoclara,,,,
BLAC4W11,1.106,NB,N,neoclara,,,,
BLAC4W12,1.322,PF,Y,neoclara,,,,
BLAC4W13,1.26,PF,N,neoclara,,,,
BLAC4W14,1.165,PF,N,neoclara,,,,
BLAC4W15,1.209,PF,N,neoclara,,,,
BLAC4W16,1.277,PF,N,neoclara,,,,
BLAC4W17,1.068,PF,N,neoclara,,,,
BLAC4W18,1.385,PF,N,neoclara,,,,
BLAC4W19,1.272,PF,N,neoclara,,,,
BLAC4W20,1.29,PF,N,neoclara,,,,
,,,,,,,,
EXSC1W2,1.181,HC,Y,dakotensis,,,,
EXSC1W3,1.222,HC,Y,dakotensis,,,,
EXSC1W4,1.096,HC,Y,dakotensis,,,,
EXSC1W5,1.092,HC,Y,dakotensis,,,,
EXSC1W6,0.998,HC,Y,dakotensis,,,,
EXSC1W7,1.128,HC,Y,dakotensis,,,,
EXSC1W8,1.337,HC,Y,dakotensis,,,,
EXSC1W9,1.006,HC,Y,dakotensis,,,,
EXSC1W10,1.309,NB,N,dakotensis,,,,
EXSC1W11,1.332,NB,N,dakotensis,,,,
EXSC1W12,1.402,NB,N,dakotensis,,,,
EXSC1W13,1.399,NB,N,dakotensis,,,,
EXSC1W14,1.36,NB,N,dakotensis,,,,
EXSC1W15,1.263,NB,N,dakotensis,,,,
EXSC1W16,1.317,NB,N,dakotensis,,,,
EXSC1W17,1.297,NB,N,dakotensis,,,,
EXSC1W18,1.294,PF,Y,dakotensis,,,,
EXSC1W19,1.447,PF,N,dakotensis,,,,
EXSC1W20,1.333,PF,N,dakotensis,,,,
EXSC1W21,1.154,PF,N,dakotensis,,,,
EXSC1W22,1.461,PF,N,dakotensis,,,,
EXSC1W23,1.33,PF,N,dakotensis,,,,
EXSC1W24,1.1,PF,N,dakotensis,,,,
EXSC1W25,1.197,PF,N,dakotensis,,,,
,,,,,,,,
EXSC3W2,1.272,HC,Y,dakotensis,,,,
EXSC3W3,1.191,HC,Y,dakotensis,,,,
EXSC3W4,1.154,HC,Y,dakotensis,,,,
EXSC3W5,1.147,HC,Y,dakotensis,,,,
EXSC3W6,1.277,HC,Y,dakotensis,,,,
EXSC3W7,1.274,HC,Y,dakotensis,,,,
EXSC3W8,1.066,HC,Y,dakotensis,,,,
EXSC3W9,1.031,HC,Y,dakotensis,,,,
EXSC3W10,1.261,NB,Y,dakotensis,,,,
EXSC3W11,1.328,NB,Y,dakotensis,,,,
EXSC3W12,1.163,NB,N,dakotensis,,,,
EXSC3W13,1.26,NB,N,dakotensis,,,,
EXSC3W14,1.266,NB,N,dakotensis,,,,
EXSC3W15,1.216,NB,N,dakotensis,,,,
EXSC3W16,1.356,NB,N,dakotensis,,,,
EXSC3W17,1.155,NB,N,dakotensis,,,,
EXSC3W18,1.195,PF,N,dakotensis,,,,
EXSC3W19,1.137,PF,N,dakotensis,,,,
EXSC3W20,1.31,PF,N,dakotensis,,,,
EXSC3W21,1.352,PF,N,dakotensis,,,,
EXSC3W22,1.298,PF,N,dakotensis,,,,
EXSC3W23,1.264,PF,N,dakotensis,,,,
,,,,,,,,
EXSC4W2,1.113,HC,Y,neoclara,,,,
EXSC4W3,1.231,HC,Y,neoclara,,,,
EXSC4W4,1.212,HC,Y,neoclara,,,,
EXSC4W5,1.252,HC,Y,neoclara,,,,
EXSC4W6,1.238,HC,Y,neoclara,,,,
EXSC4W7,1.195,HC,Y,neoclara,,,,
EXSC4W8,1.093,HC,Y,neoclara,,,,
EXSC4W9,1.089,HC,Y,neoclara,,,,
EXSC4W10,1.237,NB,N,neoclara,,,,
EXSC4W11,1.273,NB,N,neoclara,,,,
EXSC4W12,1.201,PF,N,neoclara,,,,
EXSC4W13,1.163,PF,N,neoclara,,,,
EXSC4W14,1.095,PF,N,neoclara,,,,
EXSC4W15,1.241,PF,N,neoclara,,,,
EXSC4W16,1.147,PF,N,neoclara,,,,
EXSC4W17,1.056,PF,N,neoclara,,,,
EXSC4W18,1.164,PF,N,neoclara,,,,
EXSC4W19,1.197,PF,N,neoclara,,,,
,,,,,,,,
WASC1W2,1.24,HC,Y,obscuriventris,,,,
WASC1W3,1.145,HC,Y,obscuriventris,,,,
WASC1W4,1.688,HC,Y,obscuriventris,,,,
WASC1W5,1.227,HC,Y,obscuriventris,,,,
WASC1W6,1.19,HC,Y,obscuriventris,,,,
WASC1W7,1.503,HC,Y,obscuriventris,,,,
WASC1W8,1.11,HC,Y,obscuriventris,,,,
WASC1W9,1.126,HC,Y,obscuriventris,,,,
WASC1W10,1.529,NB,N,obscuriventris,,,,
WASC1W11,1.879,NB,N,obscuriventris,,,,
WASC1W12,1.926,NB,N,obscuriventris,,,,
WASC1W13,1.862,NB,N,obscuriventris,,,,
WASC1W14,1.898,NB,N,obscuriventris,,,,
WASC1W15,1.875,NB,N,obscuriventris,,,,
WASC1W16,1.901,NB,N,obscuriventris,,,,
WASC1W17,1.651,NB,N,obscuriventris,,,,
WASC1W18,1.91,PF,N,obscuriventris,,,,
WASC1W19,1.823,PF,N,obscuriventris,,,,
WASC1W20,1.906,PF,N,obscuriventris,,,,
WASC1W21,1.676,PF,N,obscuriventris,,,,
WASC1W22,1.774,PF,N,obscuriventris,,,,
WASC1W23,1.755,PF,N,obscuriventris,,,,
WASC1W24,1.733,PF,N,obscuriventris,,,,
WASC1W25,1.98,PF,N,obscuriventris,,,,
,,,,,,,,
WASC2W2,1.372,HC,N,podzolica,,,,
WASC2W3,1.417,HC,N,podzolica,,,,
WASC2W4,1.396,HC,N,podzolica,,,,
WASC2W5,1.394,HC,N,podzolica,,,,
WASC2W6,1.388,HC,N,podzolica,,,,
WASC2W7,1.391,HC,N,podzolica,,,,
WASC2W8,1.459,HC,N,podzolica,,,,
WASC2W9,1.296,HC,N,podzolica,,,,
WASC2W10,1.406,NB,Y,podzolica,,,,
WASC2W11,1.338,NB,N,podzolica,,,,
WASC2W12,1.332,NB,N,podzolica,,,,
WASC2W13,1.443,NB,N,podzolica,,,,
WASC2W14,1.391,NB,N,podzolica,,,,
WASC2W15,1.448,NB,N,podzolica,,,,
WASC2W16,1.444,NB,N,podzolica,,,,
WASC2W17,1.41,NB,N,podzolica,,,,
WASC2W18,1.375,PF,N,podzolica,,,,
WASC2W19,1.508,PF,N,podzolica,,,,
WASC2W20,1.343,PF,N,podzolica,,,,
WASC2W21,1.379,PF,N,podzolica,,,,
WASC2W22,1.238,PF,N,podzolica,,,,
WASC2W23,1.382,PF,N,podzolica,,,,
WASC2W24,1.334,PF,N,podzolica,,,,
WASC2W25,1.443,PF,N,podzolica,,,,
,,,,,,,,
PLOC1W2,1.379,HC,Y,neoclara,,,,
PLOC1W3,1.267,HC,Y,neoclara,,,,
PLOC1W4,1.192,HC,Y,neoclara,,,,
PLOC1W5,1.21,HC,Y,neoclara,,,,
PLOC1W6,1.177,HC,Y,neoclara,,,,
PLOC1W7,1.229,HC,Y,neoclara,,,,
PLOC1W8,1.269,HC,Y,neoclara,,,,
PLOC1W9,1.238,HC,Y,neoclara,,,,
PLOC1W10,1.194,NB,N,neoclara,,,,
PLOC1W11,1.246,NB,N,neoclara,,,,
PLOC1W12,1.312,NB,N,neoclara,,,,
PLOC1W13,1.317,NB,N,neoclara,,,,
PLOC1W14,1.152,NB,N,neoclara,,,,
PLOC1W15,1.31,NB,N,neoclara,,,,
PLOC1W16,1.327,NB,N,neoclara,,,,
PLOC1W17,1.332,PF,N,neoclara,,,,
PLOC1W18,1.267,PF,N,neoclara,,,,
PLOC1W19,1.366,PF,N,neoclara,,,,
PLOC1W20,1.277,PF,N,neoclara,,,,
PLOC1W21,1.274,PF,N,neoclara,,,,
PLOC1W22,1.231,PF,N,neoclara,,,,
PLOC1W23,1.307,PF,N,neoclara,,,,
PLOC1W24,1.266,PF,N,neoclara,,,,
,,,,,,,,
PLOC2W2,1.407,HC,Y,podzolica,,,,
PLOC2W3,1.427,HC,N,podzolica,,,,
PLOC2W4,1.277,HC,N,podzolica,,,,
PLOC2W5,1.216,HC,N,podzolica,,,,
PLOC2W6,1.405,HC,N,podzolica,,,,
PLOC2W7,1.318,HC,N,podzolica,,,,
PLOC2W8,1.388,HC,N,podzolica,,,,
PLOC2W9,1.411,HC,N,podzolica,,,,
PLOC2W10,1.283,NB,N,podzolica,,,,
PLOC2W11,1.148,NB,N,podzolica,,,,
PLOC2W12,1.426,NB,N,podzolica,,,,
PLOC2W13,1.168,NB,N,podzolica,,,,
PLOC2W14,1.165,NB,N,podzolica,,,,
PLOC2W15,1.411,NB,N,podzolica,,,,
PLOC2W16,1.397,NB,N,podzolica,,,,
PLOC2W17,1.494,NB,N,podzolica,,,,
PLOC2W18,1.399,PF,Y,podzolica,,,,
PLOC2W19,1.216,PF,N,podzolica,,,,
PLOC2W20,1.165,PF,N,podzolica,,,,
PLOC2W21,1.097,PF,N,podzolica,,,,
PLOC2W22,1.027,PF,N,podzolica,,,,
PLOC2W23,1.3,PF,N,podzolica,,,,
PLOC2W24,1.254,PF,N,podzolica,,,,
PLOC2W25,1.152,PF,N,podzolica,,,,
,,,,,,,,
CMOC2W2,1.257,HC,Y,aserva,,,,
CMOC2W3,1.164,HC,Y,aserva,,,,
CMOC2W4,1.158,HC,Y,aserva,,,,
CMOC2W5,1.516,HC,Y,aserva,,,,
CMOC2W6,1.364,HC,Y,aserva,,,,
CMOC2W7,1.148,HC,Y,aserva,,,,
CMOC2W8,1.137,HC,Y,aserva,,,,
CMOC2W9,1.187,HC,Y,aserva,,,,
CMOC2W10,1.741,NB,Y,aserva,,,,
CMOC2W11,1.71,NB,N,aserva,,,,
CMOC2W12,1.956,NB,N,aserva,,,,
CMOC2W13,1.495,NB,N,aserva,,,,
CMOC2W14,1.524,NB,N,aserva,,,,
CMOC2W15,1.522,NB,N,aserva,,,,
CMOC2W16,1.357,NB,N,aserva,,,,
CMOC2W17,1.845,NB,N,aserva,,,,
CMOC2W18,1.754,PF,N,aserva,,,,
CMOC2W19,1.526,PF,N,aserva,,,,
CMOC2W20,1.551,PF,N,aserva,,,,
CMOC2W21,1.868,PF,N,aserva,,,,
CMOC2W22,1.954,PF,N,aserva,,,,
CMOC2W23,1.884,PF,N,aserva,,,,
CMOC2W24,1.75,PF,N,aserva,,,,
,,,,,,,,
GLAC1W2,1.275,HC,Y,neoclara,,,,
GLAC1W3,1.236,HC,Y,neoclara,,,,
GLAC1W4,1.201,HC,N,neoclara,,,,
GLAC1W5,1.15,HC,N,neoclara,,,,
GLAC1W6,1.142,HC,N,neoclara,,,,
GLAC1W7,1.11,HC,N,neoclara,,,,
GLAC1W8,1.095,HC,N,neoclara,,,,
GLAC1W9,1.2,HC,N,neoclara,,,,
GLAC1W10,1.171,NB,N,neoclara,,,,
GLAC1W11,1.218,NB,N,neoclara,,,,
GLAC1W12,1.16,NB,N,neoclara,,,,
GLAC1W13,1.198,NB,N,neoclara,,,,
GLAC1W14,1.116,NB,N,neoclara,,,,
GLAC1W15,1.099,NB,N,neoclara,,,,
GLAC1W16,1.017,NB,N,neoclara,,,,
GLAC1W17,1.148,NB,N,neoclara,,,,
GLAC1W18,1.179,PF,N,neoclara,,,,
GLAC1W19,1.156,PF,N,neoclara,,,,
GLAC1W20,1.143,PF,N,neoclara,,,,
GLAC1W21,1.059,PF,N,neoclara,,,,
GLAC1W22,1.15,PF,N,neoclara,,,,
GLAC1W23,1.275,PF,N,neoclara,,,,
GLAC1W24,1.133,PF,N,neoclara,,,,
GLAC1W25,1.012,PF,N,neoclara,,,,
,,,,,,,,
SYLC1W2,1.039,HC,Y,glacialis,,,,
SYLC1W3,1.102,HC,Y,glacialis,,,,
SYLC1W4,1.036,HC,Y,glacialis,,,,
SYLC1W5,1.204,HC,Y,glacialis,,,,
SYLC1W6,1.318,HC,Y,glacialis,,,,
SYLC1W7,1.114,HC,Y,glacialis,,,,
SYLC1W8,1.09,HC,Y,glacialis,,,,
SYLC1W9,1.233,HC,Y,glacialis,,,,
SYLC1W10,1.257,NB,Y,glacialis,,,,
SYLC1W11,1.418,NB,Y,glacialis,,,,
SYLC1W12,1.309,NB,Y,glacialis,,,,
SYLC1W13,1.055,NB,Y,glacialis,,,,
SYLC1W14,1.254,NB,Y,glacialis,,,,
SYLC1W15,1.215,NB,Y,glacialis,,,,
SYLC1W16,1.284,NB,N,glacialis,,,,
SYLC1W17,1.296,NB,N,glacialis,,,,
SYLC1W18,1.106,PF,N,glacialis,,,,
SYLC1W19,1.248,PF,N,glacialis,,,,
SYLC1W20,0.994,PF,N,glacialis,,,,
SYLC1W21,1.287,PF,N,glacialis,,,,
SYLC1W22,1.307,PF,N,glacialis,,,,
SYLC1W23,1.291,PF,N,glacialis,,,,
SYLC1W24,1.341,PF,N,glacialis,,,,
SYLC1W25,1.19,PF,N,glacialis,,,,
,,,,,,,,
CMOC3W2,1.706,HC,Y,rufa sp. 1,,,,
CMOC3W3,1.15,HC,Y,rufa sp. 1,,,,
CMOC3W4,1.346,HC,Y,rufa sp. 1,,,,
CMOC3W5,1.284,HC,Y,rufa sp. 1,,,,
CMOC3W6,1.028,HC,Y,rufa sp. 1,,,,
CMOC3W7,1.127,HC,Y,rufa sp. 1,,,,
CMOC3W8,1.222,HC,N,rufa sp. 1,,,,
CMOC3W9,1.236,HC,N,rufa sp. 1,,,,
CMOC3W10,1.829,NB,Y,rufa sp. 1,,,,
CMOC3W11,1.829,NB,Y,rufa sp. 1,,,,
CMOC3W12,1.857,NB,Y,rufa sp. 1,,,,
CMOC3W13,1.79,NB,N,rufa sp. 1,,,,
CMOC3W14,1.821,NB,N,rufa sp. 1,,,,
CMOC3W15,1.588,NB,N,rufa sp. 1,,,,
CMOC3W16,1.648,NB,N,rufa sp. 1,,,,
CMOC3W17,1.862,NB,N,rufa sp. 1,,,,
CMOC3W18,1.747,PF,N,rufa sp. 1,,,,
CMOC3W19,1.723,PF,N,rufa sp. 1,,,,
CMOC3W20,1.912,PF,N,rufa sp. 1,,,,
CMOC3W21,1.826,PF,N,rufa sp. 1,,,,
CMOC3W22,1.475,PF,N,rufa sp. 1,,,,
CMOC3W23,1.667,PF,N,rufa sp. 1,,,,
CMOC3W24,1.804,PF,N,rufa sp. 1,,,,
CMOC3W25,1.852,PF,N,rufa sp. 1,,,,
,,,,,,,,
GLAC2W2,1.043,HC,Y,rufa sp. 2,,,,
GLAC2W3,1.042,HC,Y,rufa sp. 2,,,,
GLAC2W4,1.266,HC,Y,rufa sp. 2,,,,
GLAC2W5,0.995,HC,Y,rufa sp. 2,,,,
GLAC2W6,0.981,HC,Y,rufa sp. 2,,,,
GLAC2W7,1.209,HC,Y,rufa sp. 2,,,,
GLAC2W8,1.108,HC,Y,rufa sp. 2,,,,
GLAC2W9,1.163,HC,Y,rufa sp. 2,,,,
GLAC2W10,1.191,NB,N,rufa sp. 2,,,,
GLAC2W11,1.672,NB,N,rufa sp. 2,,,,
GLAC2W12,1.713,PF,N,rufa sp. 2,,,,
GLAC2W13,1.744,PF,N,rufa sp. 2,,,,
GLAC2W14,1.403,PF,N,rufa sp. 2,,,,
GLAC2W15,1.234,PF,N,rufa sp. 2,,,,
,,,,,,,,
PLOC3W2,1.276,HC,Y,neorufibarbes,,,,
PLOC3W3,1.491,HC,Y,neorufibarbes,,,,
PLOC3W4,1.252,HC,Y,neorufibarbes,,,,
PLOC3W5,1.194,HC,Y,neorufibarbes,,,,
PLOC3W6,1.369,HC,Y,neorufibarbes,,,,
PLOC3W7,1.266,HC,Y,neorufibarbes,,,,
PLOC3W8,1.343,HC,Y,neorufibarbes,,,,
PLOC3W9,1.243,HC,Y,neorufibarbes,,,,
PLOC3W10,1.451,NB,Y,neorufibarbes,,,,
PLOC3W11,1.449,NB,Y,neorufibarbes,,,,
PLOC3W12,1.53,NB,N,neorufibarbes,,,,
PLOC3W13,1.383,NB,N,neorufibarbes,,,,
PLOC3W14,1.403,NB,N,neorufibarbes,,,,
PLOC3W15,1.494,NB,N,neorufibarbes,,,"PLOC, GLAC, CMOC, SYLC, GLAC, CMOC, PLOC, WASC, EXSC, BLAC, KFSC, NHIC, SYLC, NHIC, SYLC, BLAC, SYLC, BLAC, KFSC, ",
PLOC3W16,1.331,NB,N,neorufibarbes,,,,
PLOC3W17,1.368,NB,N,neorufibarbes,,,,
PLOC3W18,1.447,PF,N,neorufibarbes,,,,
PLOC3W19,1.432,PF,N,neorufibarbes,,,,
PLOC3W20,1.39,PF,N,neorufibarbes,,,,
PLOC3W21,1.307,PF,N,neorufibarbes,,,,
PLOC3W22,1.449,PF,N,neorufibarbes,,,,
PLOC3W23,1.277,PF,N,neorufibarbes,,,,
PLOC3W24,1.382,PF,N,neorufibarbes,,,,
PLOC3W25,1.332,PF,N,neorufibarbes,,,,
