,ï..year,month,day,dotw,start_hour,start_minute,end_hour,end_minute,event,value,units,caregiver,age
1,2019,4,18,Thursday,11,53,NA,NA,birth,NA,,kch,0
2,2019,10,18,Friday,7,50,NA,NA,wet,NA,,ap,183
3,2019,10,18,Friday,10,0,NA,NA,wet,NA,,ap,183
4,2019,10,18,Friday,12,20,NA,NA,wet,NA,,ap,183
5,2019,10,18,Friday,14,25,NA,NA,wet,NA,,ap,183
6,2019,10,18,Friday,8,20,NA,NA,bottle,1.5,oz,ap,183
7,2019,10,18,Friday,10,40,NA,NA,bottle,2.5,oz,ap,183
8,2019,10,18,Friday,12,30,NA,NA,bottle,2,oz,ap,183
9,2019,10,18,Friday,14,53,NA,NA,bottle,2,oz,ap,183
10,2019,10,18,Friday,9,10,9,58,nap,NA,,ap,183
11,2019,10,18,Friday,13,1,13,30,nap,NA,,ap,183
12,2019,10,17,Thursday,7,50,NA,NA,wet,NA,,ap,182
13,2019,10,17,Thursday,8,30,NA,NA,caregiver_change,NA,,ap_vona,182
14,2019,10,17,Thursday,9,55,NA,NA,wet,NA,,vona,182
15,2019,10,17,Thursday,11,53,NA,NA,wet,NA,,vona,182
16,2019,10,17,Thursday,13,41,NA,NA,bowel,NA,,vona,182
17,2019,10,17,Thursday,15,15,NA,NA,wet,NA,,vona,182
18,2019,10,17,Thursday,9,21,9,52,nap,NA,,vona,182
19,2019,10,17,Thursday,14,12,14,45,nap,NA,,vona,182
20,2019,10,17,Thursday,9,8,NA,NA,bottle,3,oz,vona,182
21,2019,10,17,Thursday,11,5,NA,NA,bottle,2,oz,vona,182
22,2019,10,17,Thursday,12,10,NA,NA,bottle,2,oz,vona,182
23,2019,10,17,Thursday,14,0,NA,NA,bottle,2,oz,vona,182
24,2019,10,16,Wednesday,7,10,NA,NA,dry,NA,,ap,181
25,2019,10,16,Wednesday,8,5,NA,NA,wet,NA,,ap,181
26,2019,10,16,Wednesday,10,0,NA,NA,wet,NA,,ap,181
27,2019,10,16,Wednesday,11,35,NA,NA,bowel,NA,,ap,181
28,2019,10,16,Wednesday,13,15,NA,NA,wet,NA,,ap,181
29,2019,10,16,Wednesday,8,0,NA,NA,bottle,2,oz,ap,181
30,2019,10,16,Wednesday,10,40,NA,NA,bottle,3.5,oz,ap,181
31,2019,10,16,Wednesday,13,20,NA,NA,bottle,3,oz,ap,181
32,2019,10,16,Wednesday,9,5,9,45,nap,NA,,ap,181
33,2019,10,16,Wednesday,13,30,14,10,nap,NA,,ap,181
34,2019,10,15,Tuesday,6,50,NA,NA,dry,NA,,ap,180
35,2019,10,15,Tuesday,7,50,NA,NA,wet,NA,,ap,180
36,2019,10,15,Tuesday,10,5,NA,NA,wet,NA,,ap,180
37,2019,10,15,Tuesday,12,20,NA,NA,bowel,NA,,ap,180
38,2019,10,15,Tuesday,14,10,NA,NA,wet,NA,,ap,180
39,2019,10,15,Tuesday,8,0,NA,NA,bottle,2,oz,ap,180
40,2019,10,15,Tuesday,10,35,NA,NA,bottle,2,oz,ap,180
41,2019,10,15,Tuesday,12,45,NA,NA,bottle,1.5,oz,ap,180
42,2019,10,15,Tuesday,14,15,NA,NA,bottle,1.5,oz,ap,180
43,2019,10,15,Tuesday,9,30,10,0,nap,NA,,ap,180
44,2019,10,15,Tuesday,11,35,12,15,nap,NA,,ap,180
45,2019,9,27,Friday,7,0,NA,NA,wet,NA,,vona,162
46,2019,9,27,Friday,7,52,NA,NA,bowel,NA,,vona,162
47,2019,9,27,Friday,10,15,NA,NA,dry,NA,,ij,162
48,2019,9,27,Friday,11,17,NA,NA,bowel,NA,,ij,162
49,2019,9,27,Friday,13,50,NA,NA,bowel,NA,,kc,162
50,2019,9,27,Friday,13,45,NA,NA,caregiver_change,NA,,ij_kc,162
51,2019,9,27,Friday,8,20,NA,NA,bottle,2,oz,vona,162
52,2019,9,27,Friday,11,15,NA,NA,bottle,2,oz,ij,162
53,2019,9,27,Friday,10,20,NA,NA,nap,NA,,ij,162
54,2019,10,10,Thursday,7,55,NA,NA,wet,NA,,ap,175
55,2019,10,10,Thursday,9,45,NA,NA,wet,NA,,ap,175
56,2019,10,10,Thursday,12,10,NA,NA,wet,NA,,ap,175
57,2019,10,10,Thursday,8,25,NA,NA,bottle,2,oz,ap,175
58,2019,10,10,Thursday,11,20,NA,NA,bottle,1,oz,ap,175
59,2019,10,10,Thursday,13,10,NA,NA,bottle,3,oz,ap,175
60,2019,10,10,Thursday,9,18,9,40,nap,NA,,ap,175
61,2019,10,10,Thursday,13,20,NA,NA,nap,NA,,ap,175
62,2019,10,7,Monday,NA,NA,NA,NA,intro_highflow_nipples,NA,,jsmkch,172
63,2019,10,14,Monday,NA,NA,NA,NA,intro_sleeping_thru_night,NA,,jsmkch,179
64,2019,8,22,Thursday,10,30,NA,NA,wet,NA,,jr,126
65,2019,8,22,Thursday,12,20,NA,NA,dry,NA,,jr,126
66,2019,8,22,Thursday,13,30,NA,NA,bowel,NA,,jr,126
67,2019,8,22,Thursday,11,0,NA,NA,caregiver_change,NA,,vona_jr,126
68,2019,8,22,Thursday,10,45,NA,NA,bottle,2,oz,jr,126
69,2019,8,22,Thursday,13,40,NA,NA,bottle,2,oz,jr,126
70,2019,8,22,Thursday,12,30,13,30,nap,NA,,jr,126
71,2019,10,9,Wednesday,8,4,NA,NA,wet,NA,,ij,174
72,2019,10,9,Wednesday,10,58,NA,NA,wet,NA,,kc,174
73,2019,10,9,Wednesday,12,45,NA,NA,bowel,NA,,ij,174
74,2019,10,9,Wednesday,14,30,NA,NA,dry,NA,,ij,174
75,2019,10,9,Wednesday,15,0,NA,NA,bowel,NA,,ij,174
76,2019,10,9,Wednesday,8,30,NA,NA,bottle,1,oz,ij,174
77,2019,10,9,Wednesday,11,12,NA,NA,bottle,1,oz,ij,174
78,2019,10,9,Wednesday,13,0,NA,NA,bottle,2,oz,ij,174
79,2019,10,9,Wednesday,9,20,10,55,nap,NA,,ij,174
80,2019,10,9,Wednesday,13,15,NA,NA,nap,NA,,ij,174
81,2019,10,8,Tuesday,7,45,NA,NA,wet,NA,,ap,173
82,2019,10,8,Tuesday,10,5,NA,NA,wet,NA,,ap,173
83,2019,10,8,Tuesday,11,50,NA,NA,wet,NA,,ap,173
84,2019,10,8,Tuesday,13,40,NA,NA,wet,NA,,ap,173
85,2019,10,8,Tuesday,7,40,NA,NA,bottle,1,oz,ap,173
86,2019,10,8,Tuesday,9,20,NA,NA,bottle,1,oz,ap,173
87,2019,10,8,Tuesday,11,55,NA,NA,bottle,1,oz,ap,173
88,2019,10,8,Tuesday,13,0,NA,NA,bottle,1,oz,ap,173
89,2019,10,8,Tuesday,9,23,10,0,nap,NA,,ap,173
90,2019,10,8,Tuesday,12,15,12,40,nap,NA,,ap,173
91,2019,10,8,Tuesday,14,45,15,10,nap,NA,,ap,173
92,2019,9,25,Wednesday,10,30,NA,NA,caregiver_change,NA,,vona_ap,160
93,2019,9,25,Wednesday,7,5,NA,NA,wet,NA,,vona,160
94,2019,9,25,Wednesday,9,30,NA,NA,wet,NA,,vona,160
95,2019,9,25,Wednesday,11,15,NA,NA,wet,NA,,ap,160
96,2019,9,25,Wednesday,8,20,NA,NA,bottle,2,oz,vona,160
97,2019,9,25,Wednesday,9,45,NA,NA,bottle,2.5,oz,vona,160
98,2019,9,25,Wednesday,8,40,9,30,nap,NA,,vona,160
99,2019,9,25,Wednesday,11,25,NA,NA,nap,NA,,ap,160
100,2019,10,7,Monday,8,20,NA,NA,caregiver_change,NA,,kc_vona,172
101,2019,10,7,Monday,6,50,NA,NA,dry,NA,,kc,172
102,2019,10,7,Monday,8,20,NA,NA,wet,NA,,kc,172
103,2019,10,7,Monday,10,25,NA,NA,wet,NA,,vona,172
104,2019,10,7,Monday,12,35,NA,NA,wet,NA,,vona,172
105,2019,10,7,Monday,14,32,NA,NA,bowel,NA,,vona,172
106,2019,10,7,Monday,8,0,NA,NA,bottle,2,oz,kc,172
107,2019,10,7,Monday,11,0,NA,NA,bottle,3,oz,vona,172
108,2019,10,7,Monday,14,0,NA,NA,bottle,3,oz,vona,172
109,2019,10,7,Monday,9,10,9,43,nap,NA,,vona,172
110,2019,10,7,Monday,12,28,13,22,nap,NA,,vona,172
111,2019,10,3,Thursday,6,45,NA,NA,dry,NA,,ap,168
112,2019,10,3,Thursday,8,10,NA,NA,wet,NA,,ap,168
113,2019,10,3,Thursday,10,30,NA,NA,wet,NA,,ap,168
114,2019,10,3,Thursday,11,20,NA,NA,bowel,NA,,ap,168
115,2019,10,3,Thursday,13,0,NA,NA,wet,NA,,ap,168
116,2019,10,3,Thursday,8,0,NA,NA,bottle,1,oz,ap,168
117,2019,10,3,Thursday,11,0,NA,NA,bottle,2,oz,ap,168
118,2019,10,3,Thursday,12,40,NA,NA,bottle,2.5,oz,ap,168
119,2019,10,3,Thursday,13,30,NA,NA,bottle,2,oz,ap,168
120,2019,10,3,Thursday,13,45,NA,NA,bowel,NA,,ap,168
121,2019,10,3,Thursday,14,20,NA,NA,bowel,NA,,ap,168
122,2019,10,3,Thursday,9,10,10,25,nap,NA,,ap,168
123,2019,10,3,Thursday,14,27,NA,NA,nap,NA,,ap,168
124,2019,10,1,Tuesday,7,55,NA,NA,wet,NA,,ij,166
125,2019,10,1,Tuesday,10,5,NA,NA,wet,NA,,ij,166
126,2019,10,1,Tuesday,12,37,NA,NA,bowel,NA,,ij,166
127,2019,10,1,Tuesday,14,40,NA,NA,diaper,NA,,kc,166
128,2019,10,1,Tuesday,14,3,NA,NA,bottle,2,oz,kc,166
129,2019,10,1,Tuesday,14,3,NA,NA,caregiver_change,NA,,ij_kc,166
130,2019,9,24,Tuesday,7,20,NA,NA,dry,NA,,ap,159
131,2019,9,24,Tuesday,7,45,NA,NA,wet,NA,,ap,159
132,2019,9,24,Tuesday,8,35,NA,NA,bowel,NA,,ap,159
133,2019,9,24,Tuesday,10,15,NA,NA,bowel,NA,,ap,159
134,2019,9,24,Tuesday,11,55,NA,NA,wet,NA,,ap,159
135,2019,9,24,Tuesday,13,40,NA,NA,wet,NA,,ap,159
136,2019,9,24,Tuesday,8,25,NA,NA,bottle,2,oz,ap,159
137,2019,9,24,Tuesday,10,20,NA,NA,bottle,2,oz,ap,159
138,2019,9,24,Tuesday,12,25,NA,NA,bottle,2,oz,ap,159
139,2019,9,24,Tuesday,10,35,11,20,nap,NA,,ap,159
140,2019,9,24,Tuesday,14,21,15,3,nap,NA,,ap,159
141,2019,10,2,Wednesday,12,50,NA,NA,tylenol,3.75,mL,ij,167
142,2019,10,2,Wednesday,14,20,NA,NA,caregiver_change,NA,,ij_kc,167
143,2019,10,2,Wednesday,7,17,NA,NA,wet,NA,,ij,167
144,2019,10,2,Wednesday,8,30,NA,NA,bowel,NA,,ij,167
145,2019,10,2,Wednesday,11,7,NA,NA,bowel,NA,,ij,167
146,2019,10,2,Wednesday,12,0,NA,NA,bowel,NA,,ij,167
147,2019,10,2,Wednesday,14,10,NA,NA,wet,NA,,ij,167
148,2019,10,2,Wednesday,15,10,NA,NA,wet,NA,,kc,167
149,2019,10,2,Wednesday,8,10,NA,NA,bottle,1,oz,ij,167
150,2019,10,2,Wednesday,10,15,NA,NA,bottle,2,oz,ij,167
151,2019,10,2,Wednesday,12,40,NA,NA,bottle,1,oz,ij,167
152,2019,10,2,Wednesday,14,44,NA,NA,bottle,2,oz,ij,167
153,2019,10,2,Wednesday,8,57,10,14,nap,NA,,ij,167
154,2019,10,2,Wednesday,13,23,14,0,nap,NA,,ij,167
155,2019,9,30,Monday,7,5,NA,NA,wet,NA,,vona,165
156,2019,9,30,Monday,9,2,NA,NA,wet,NA,,vona,165
157,2019,9,30,Monday,10,35,NA,NA,bowel,NA,,vona,165
158,2019,9,30,Monday,12,38,NA,NA,wet,NA,,vona,165
159,2019,9,30,Monday,9,10,NA,NA,bottle,1.5,oz,vona,165
160,2019,9,30,Monday,11,30,NA,NA,bottle,2,oz,vona,165
161,2019,9,30,Monday,9,36,10,10,nap,NA,,vona,165
162,2019,9,30,Monday,13,11,NA,NA,nap,NA,,vona,165
163,2019,9,30,Monday,6,35,NA,NA,arrive,NA,,NA,165
164,2019,9,30,Monday,13,5,NA,NA,temperature,101.4,degreesF,vona,165
165,2019,10,4,Friday,7,15,NA,NA,wet,NA,,vona,169
166,2019,10,4,Friday,9,15,NA,NA,wet,NA,,vona,169
167,2019,10,4,Friday,10,22,NA,NA,bowel,NA,,vona,169
168,2019,10,4,Friday,12,34,NA,NA,wet,NA,,vona,169
169,2019,10,4,Friday,13,6,NA,NA,bowel,NA,,vona,169
170,2019,10,4,Friday,9,17,NA,NA,bottle,1,oz,vona,169
171,2019,10,4,Friday,10,48,NA,NA,bottle,2,oz,vona,169
172,2019,10,4,Friday,13,16,NA,NA,bottle,1.5,oz,vona,169
173,2019,10,4,Friday,7,52,9,10,nap,NA,,vona,169
174,2019,10,4,Friday,14,9,15,20,nap,NA,,vona,169
175,2019,10,4,Friday,6,43,NA,NA,arrive,NA,,NA,169
176,2019,9,23,Monday,7,10,NA,NA,wet,NA,,vona,158
177,2019,9,23,Monday,8,4,NA,NA,bowel,NA,,vona,158
178,2019,9,23,Monday,10,5,NA,NA,wet,NA,,vona,158
179,2019,9,23,Monday,11,50,NA,NA,wet,NA,,vona,158
180,2019,9,23,Monday,13,27,NA,NA,wet,NA,,vona,158
181,2019,9,23,Monday,15,20,NA,NA,wet,NA,,vona,158
182,2019,9,23,Monday,9,15,NA,NA,bottle,2,oz,vona,158
183,2019,9,23,Monday,11,15,NA,NA,bottle,4.5,oz,vona,158
184,2019,9,23,Monday,13,15,NA,NA,bottle,2,oz,vona,158
185,2019,9,23,Monday,11,17,11,32,nap,NA,,vona,158
186,2019,9,23,Monday,6,45,NA,NA,arrive,NA,,NA,158
187,2019,9,20,Friday,7,15,NA,NA,wet,NA,,vona,155
188,2019,9,20,Friday,9,0,NA,NA,wet,NA,,vona,155
189,2019,9,20,Friday,11,0,NA,NA,wet,NA,,vona,155
190,2019,9,20,Friday,13,0,NA,NA,wet,NA,,vona,155
191,2019,9,20,Friday,14,17,NA,NA,wet,NA,,vona,155
192,2019,9,20,Friday,14,47,NA,NA,bowel,NA,,vona,155
193,2019,9,20,Friday,8,30,NA,NA,bottle,2.5,oz,vona,155
194,2019,9,20,Friday,11,30,NA,NA,bottle,1,oz,vona,155
195,2019,9,20,Friday,13,0,NA,NA,bottle,2,oz,vona,155
196,2019,9,20,Friday,15,0,NA,NA,bottle,2,oz,vona,155
197,2019,9,20,Friday,9,40,10,23,nap,NA,,vona,155
198,2019,9,20,Friday,13,21,14,14,nap,NA,,vona,155
199,2019,9,20,Friday,6,45,NA,NA,arrive,NA,,NA,155
200,2019,9,18,Wednesday,7,30,NA,NA,wet,NA,,ap,153
201,2019,9,18,Wednesday,9,24,NA,NA,bowel,NA,,ap,153
202,2019,9,18,Wednesday,11,10,NA,NA,wet,NA,,ap,153
203,2019,9,18,Wednesday,13,0,NA,NA,wet,NA,,ap,153
204,2019,9,18,Wednesday,13,10,NA,NA,bowel,NA,,ap,153
205,2019,9,18,Wednesday,15,0,NA,NA,dry,NA,,ap,153
206,2019,9,18,Wednesday,8,20,NA,NA,bottle,2,oz,ap,153
207,2019,9,18,Wednesday,10,30,NA,NA,bottle,1,oz,ap,153
208,2019,9,18,Wednesday,12,30,NA,NA,bottle,3,oz,ap,153
209,2019,9,18,Wednesday,14,30,NA,NA,bottle,1.5,oz,ap,153
210,2019,9,18,Wednesday,10,40,11,2,nap,NA,,ap,153
211,2019,9,18,Wednesday,14,35,14,45,nap,NA,,ap,153
212,2019,8,27,Tuesday,8,0,NA,NA,wet,NA,,jr,131
213,2019,8,27,Tuesday,10,0,NA,NA,bowel,NA,,jr,131
214,2019,8,27,Tuesday,10,35,NA,NA,bowel,NA,,jr,131
215,2019,8,27,Tuesday,12,40,NA,NA,wet,NA,,jr,131
216,2019,8,27,Tuesday,13,45,NA,NA,bowel,NA,,jr,131
217,2019,8,27,Tuesday,8,15,NA,NA,bottle,2,oz,jr,131
218,2019,8,27,Tuesday,9,0,NA,NA,bottle,3,oz,jr,131
219,2019,8,27,Tuesday,11,0,NA,NA,bottle,2,oz,jr,131
220,2019,8,27,Tuesday,13,5,NA,NA,bottle,1.5,oz,jr,131
221,2019,8,27,Tuesday,14,50,NA,NA,bottle,4,oz,jr,131
222,2019,8,27,Tuesday,11,10,12,40,nap,NA,,jr,131
223,2019,8,27,Tuesday,14,10,14,45,nap,NA,,jr,131
224,2019,8,26,Monday,7,10,NA,NA,wet,NA,,vona,130
225,2019,8,26,Monday,10,15,NA,NA,bowel,NA,,jr,130
226,2019,8,26,Monday,11,40,NA,NA,bowel,NA,,vona,130
227,2019,8,26,Monday,13,32,NA,NA,bowel,NA,,vona,130
228,2019,8,26,Monday,14,32,NA,NA,bowel,NA,,vona,130
229,2019,8,26,Monday,15,10,NA,NA,bowel,NA,,vona,130
230,2019,8,26,Monday,7,45,NA,NA,bottle,3,oz,vona,130
231,2019,8,26,Monday,10,48,NA,NA,bottle,2,oz,vona,130
232,2019,8,26,Monday,11,40,NA,NA,bottle,2,oz,vona,130
233,2019,8,26,Monday,14,13,NA,NA,bottle,5,oz,vona,130
234,2019,8,26,Monday,8,40,10,10,nap,NA,,vona,130
235,2019,8,26,Monday,12,45,13,20,nap,NA,,vona,130
236,2019,8,26,Monday,6,35,NA,NA,arrive,NA,,NA,130
237,2019,9,9,Monday,7,0,NA,NA,wet,NA,,vona,144
238,2019,9,9,Monday,8,21,NA,NA,bowel,NA,,vona,144
239,2019,9,9,Monday,10,25,NA,NA,wet,NA,,vona,144
240,2019,9,9,Monday,11,21,NA,NA,bowel,NA,,vona,144
241,2019,9,9,Monday,13,25,NA,NA,wet,NA,,vona,144
242,2019,9,9,Monday,15,15,NA,NA,wet,NA,,vona,144
243,2019,9,9,Monday,7,40,NA,NA,bottle,3,oz,vona,144
244,2019,9,9,Monday,10,48,NA,NA,bottle,3,oz,vona,144
245,2019,9,9,Monday,13,35,NA,NA,bottle,2,oz,vona,144
246,2019,9,9,Monday,8,46,9,43,nap,NA,,vona,144
247,2019,9,9,Monday,12,38,13,23,nap,NA,,vona,144
248,2019,9,9,Monday,6,43,NA,NA,arrive,NA,,NA,144
249,2019,8,30,Friday,6,45,NA,NA,arrive,NA,,NA,134
250,2019,8,30,Friday,7,10,NA,NA,wet,NA,,vona,134
251,2019,8,30,Friday,8,45,NA,NA,wet,NA,,vona,134
252,2019,8,30,Friday,9,9,NA,NA,bowel,NA,,vona,134
253,2019,8,30,Friday,11,35,NA,NA,wet,NA,,vona,134
254,2019,8,30,Friday,12,50,NA,NA,wet,NA,,vona,134
255,2019,8,30,Friday,14,16,NA,NA,bowel,NA,,vona,134
256,2019,8,30,Friday,15,20,NA,NA,wet,NA,,vona,134
257,2019,8,30,Friday,8,50,NA,NA,bottle,3,oz,vona,134
258,2019,8,30,Friday,12,55,NA,NA,bottle,3,oz,vona,134
259,2019,8,30,Friday,14,20,NA,NA,bottle,2,oz,vona,134
260,2019,8,30,Friday,15,0,NA,NA,bottle,2,oz,vona,134
261,2019,8,30,Friday,7,30,8,42,nap,NA,,vona,134
262,2019,8,30,Friday,10,21,11,34,nap,NA,,vona,134
263,2019,8,30,Friday,14,27,14,37,nap,NA,,vona,134
264,2019,9,11,Wednesday,7,0,NA,NA,arrive,NA,,NA,146
265,2019,9,11,Wednesday,7,10,NA,NA,wet,NA,,vona,146
266,2019,9,11,Wednesday,9,5,NA,NA,wet,NA,,vona,146
267,2019,9,11,Wednesday,9,37,NA,NA,bowel,NA,,vona,146
268,2019,9,11,Wednesday,11,0,NA,NA,bowel,NA,,vona,146
269,2019,9,11,Wednesday,13,0,NA,NA,wet,NA,,vona,146
270,2019,9,11,Wednesday,15,0,NA,NA,wet,NA,,vona,146
271,2019,9,11,Wednesday,8,45,NA,NA,bottle,3,oz,vona,146
272,2019,9,11,Wednesday,12,15,NA,NA,bottle,3,oz,vona,146
273,2019,9,11,Wednesday,12,40,NA,NA,bottle,2,oz,vona,146
274,2019,9,11,Wednesday,13,50,NA,NA,bottle,2,oz,vona,146
275,2019,9,11,Wednesday,9,49,10,36,nap,NA,,vona,146
276,2019,9,11,Wednesday,11,49,12,5,nap,NA,,vona,146
277,2019,9,11,Wednesday,14,16,14,45,nap,NA,,vona,146
278,2019,9,5,Thursday,6,40,NA,NA,arrive,NA,,NA,140
279,2019,9,5,Thursday,7,10,NA,NA,bowel,NA,,vona,140
280,2019,9,5,Thursday,9,20,NA,NA,wet,NA,,vona,140
281,2019,9,5,Thursday,11,15,NA,NA,wet,NA,,vona,140
282,2019,9,5,Thursday,12,42,NA,NA,bowel,NA,,vona,140
283,2019,9,5,Thursday,14,48,NA,NA,bowel,NA,,vona,140
284,2019,9,5,Thursday,9,20,NA,NA,bottle,3,oz,vona,140
285,2019,9,5,Thursday,11,42,NA,NA,bottle,3,oz,vona,140
286,2019,9,5,Thursday,15,0,NA,NA,bottle,2,oz,vona,140
287,2019,9,5,Thursday,8,0,9,19,nap,NA,,vona,140
288,2019,9,5,Thursday,12,15,12,33,nap,NA,,vona,140
289,2019,9,5,Thursday,12,55,14,17,nap,NA,,vona,140
290,2019,9,16,Monday,7,10,NA,NA,arrive,NA,,NA,151
291,2019,9,16,Monday,7,20,NA,NA,dry,NA,,vona,151
292,2019,9,16,Monday,7,55,NA,NA,wet,NA,,vona,151
293,2019,9,16,Monday,8,52,NA,NA,bowel,NA,,vona,151
294,2019,9,16,Monday,11,0,NA,NA,wet,NA,,vona,151
295,2019,9,16,Monday,12,58,NA,NA,wet,NA,,vona,151
296,2019,9,16,Monday,15,0,NA,NA,wet,NA,,vona,151
297,2019,9,16,Monday,9,35,NA,NA,bottle,2,oz,vona,151
298,2019,9,16,Monday,10,55,NA,NA,bottle,2,oz,vona,151
299,2019,9,16,Monday,13,0,NA,NA,bottle,2.5,oz,vona,151
300,2019,9,16,Monday,15,0,NA,NA,bottle,3,oz,vona,151
301,2019,9,16,Monday,12,15,12,53,nap,NA,,vona,151
302,2019,8,23,Friday,6,48,NA,NA,arrive,NA,,NA,127
303,2019,8,23,Friday,7,19,NA,NA,wet,NA,,vona,127
304,2019,8,23,Friday,9,40,NA,NA,wet,NA,,vona,127
305,2019,8,23,Friday,11,15,NA,NA,wet,NA,,vona,127
306,2019,8,23,Friday,13,0,NA,NA,wet,NA,,vona,127
307,2019,8,23,Friday,8,38,NA,NA,bottle,3.5,oz,vona,127
308,2019,8,23,Friday,10,30,NA,NA,bottle,2,oz,vona,127
309,2019,8,23,Friday,12,45,NA,NA,bottle,3,oz,vona,127
310,2019,8,23,Friday,8,55,9,36,nap,NA,,vona,127
311,2019,8,23,Friday,11,52,12,46,nap,NA,,vona,127
312,2019,9,13,Friday,6,37,NA,NA,arrive,NA,,NA,148
313,2019,9,13,Friday,6,55,NA,NA,wet,NA,,vona,148
314,2019,9,13,Friday,9,20,NA,NA,wet,NA,,vona,148
315,2019,9,13,Friday,11,0,NA,NA,bowel,NA,,vona,148
316,2019,9,13,Friday,12,47,NA,NA,bowel,NA,,vona,148
317,2019,9,13,Friday,14,17,NA,NA,bowel,NA,,vona,148
318,2019,9,13,Friday,15,46,NA,NA,bowel,NA,,vona,148
319,2019,9,13,Friday,8,10,NA,NA,bottle,2,oz,vona,148
320,2019,9,13,Friday,11,0,NA,NA,bottle,2.5,oz,vona,148
321,2019,9,13,Friday,13,0,NA,NA,bottle,2,oz,vona,148
322,2019,9,13,Friday,13,10,NA,NA,bottle,2,oz,vona,148
323,2019,9,13,Friday,8,22,9,17,nap,NA,,vona,148
324,2019,9,13,Friday,11,45,12,15,nap,NA,,vona,148
325,2019,9,12,Thursday,6,40,NA,NA,arrive,NA,,NA,147
326,2019,9,12,Thursday,6,50,NA,NA,bowel,NA,,vona,147
327,2019,9,12,Thursday,8,45,NA,NA,wet,NA,,vona,147
328,2019,9,12,Thursday,10,45,NA,NA,wet,NA,,vona,147
329,2019,9,12,Thursday,13,12,NA,NA,wet,NA,,vona,147
330,2019,9,12,Thursday,13,38,NA,NA,bowel,NA,,vona,147
331,2019,9,12,Thursday,14,18,NA,NA,bowel,NA,,vona,147
332,2019,9,12,Thursday,15,15,NA,NA,wet,NA,,vona,147
333,2019,9,12,Thursday,8,50,NA,NA,bottle,3.5,oz,vona,147
334,2019,9,12,Thursday,12,0,NA,NA,bottle,1,oz,vona,147
335,2019,9,12,Thursday,13,15,NA,NA,bottle,2.5,oz,vona,147
336,2019,9,12,Thursday,9,8,9,46,nap,NA,,vona,147
337,2019,9,12,Thursday,12,7,13,5,nap,NA,,vona,147
338,2019,9,4,Wednesday,6,55,NA,NA,arrive,NA,,NA,139
339,2019,9,4,Wednesday,7,0,NA,NA,wet,NA,,vona,139
340,2019,9,4,Wednesday,7,52,NA,NA,bowel,NA,,vona,139
341,2019,9,4,Wednesday,9,45,NA,NA,wet,NA,,vona,139
342,2019,9,4,Wednesday,10,35,NA,NA,bowel,NA,,vona,139
343,2019,9,4,Wednesday,13,0,NA,NA,wet,NA,,vona,139
344,2019,9,4,Wednesday,13,35,NA,NA,bowel,NA,,vona,139
345,2019,9,4,Wednesday,14,55,NA,NA,bowel,NA,,vona,139
346,2019,9,4,Wednesday,9,33,NA,NA,bottle,3.5,oz,vona,139
347,2019,9,4,Wednesday,13,0,NA,NA,bottle,3,oz,vona,139
348,2019,9,4,Wednesday,8,4,9,19,nap,NA,,vona,139
349,2019,9,4,Wednesday,11,7,12,56,nap,NA,,vona,139
350,2019,9,10,Tuesday,6,45,NA,NA,dry,NA,,ap,145
351,2019,9,10,Tuesday,8,10,NA,NA,wet,NA,,ap,145
352,2019,9,10,Tuesday,9,45,NA,NA,wet,NA,,ap,145
353,2019,9,10,Tuesday,11,15,NA,NA,bowel,NA,,ap,145
354,2019,9,10,Tuesday,12,45,NA,NA,bowel,NA,,ap,145
355,2019,9,10,Tuesday,14,15,NA,NA,bowel,NA,,ap,145
356,2019,9,10,Tuesday,8,0,NA,NA,bottle,2,oz,ap,145
357,2019,9,10,Tuesday,10,30,NA,NA,bottle,3,oz,ap,145
358,2019,9,10,Tuesday,13,15,NA,NA,bottle,3.5,oz,ap,145
359,2019,9,10,Tuesday,9,0,9,40,nap,NA,,ap,145
360,2019,9,10,Tuesday,12,0,12,35,nap,NA,,ap,145
361,2019,9,6,Friday,6,40,NA,NA,arrive,NA,,NA,141
362,2019,9,6,Friday,7,5,NA,NA,wet,NA,,vona,141
363,2019,9,6,Friday,9,35,NA,NA,wet,NA,,vona,141
364,2019,9,6,Friday,9,59,NA,NA,bowel,NA,,vona,141
365,2019,9,6,Friday,11,25,NA,NA,bowel,NA,,ap,141
366,2019,9,6,Friday,12,57,NA,NA,bowel,NA,,vona,141
367,2019,9,6,Friday,15,0,NA,NA,wet,NA,,vona,141
368,2019,9,6,Friday,8,5,NA,NA,bottle,2,oz,vona,141
369,2019,9,6,Friday,12,30,NA,NA,bottle,3,oz,vona,141
370,2019,9,6,Friday,15,0,NA,NA,bottle,2.5,oz,vona,141
371,2019,9,6,Friday,8,48,9,32,nap,NA,,vona,141
372,2019,9,6,Friday,11,34,12,10,nap,NA,,vona,141
373,2019,9,6,Friday,14,10,14,40,nap,NA,,vona,141
374,2019,9,29,Sunday,NA,NA,NA,NA,intro_grass,NA,,jsmkch,164
375,2019,9,22,Sunday,NA,NA,NA,NA,skill_crawl_army,NA,,jsmkch,157
376,2019,8,19,Monday,NA,NA,NA,NA,trait_mass,7.82,kg,rainbow,123
377,2019,6,24,Monday,NA,NA,NA,NA,trait_mass,6.69,kg,rainbow,67
378,2019,5,20,Monday,NA,NA,NA,NA,trait_mass,5.53,kg,rainbow,32
379,2019,4,30,Tuesday,NA,NA,NA,NA,trait_mass,4.74,kg,rainbow,12
380,2019,4,26,Friday,NA,NA,NA,NA,trait_mass,4.39,kg,rainbow,8
381,2019,4,22,Monday,NA,NA,NA,NA,trait_mass,4.11,kg,rainbow,4
382,2019,4,20,Saturday,NA,NA,NA,NA,trait_mass,4.14,kg,rainbow,2
383,2019,4,18,Thursday,NA,NA,NA,NA,trait_mass,4.39,kg,rainbow,0
384,2019,8,19,Monday,NA,NA,NA,NA,trait_length,68.6,cm,rainbow,123
385,2019,6,24,Monday,NA,NA,NA,NA,trait_length,65.4,cm,rainbow,67
386,2019,5,20,Monday,NA,NA,NA,NA,trait_length,61.6,cm,rainbow,32
387,2019,4,30,Tuesday,NA,NA,NA,NA,trait_length,56.5,cm,rainbow,12
388,2019,4,26,Friday,NA,NA,NA,NA,trait_length,56.1,cm,rainbow,8
389,2019,4,22,Monday,NA,NA,NA,NA,trait_length,54.6,cm,rainbow,4
390,2019,8,19,Monday,NA,NA,NA,NA,trait_head_circum,42.5,cm,rainbow,123
391,2019,6,24,Monday,NA,NA,NA,NA,trait_head_circum,40.6,cm,rainbow,67
392,2019,5,20,Monday,NA,NA,NA,NA,trait_head_circum,38.7,cm,rainbow,32
393,2019,4,22,Monday,NA,NA,NA,NA,trait_head_circum,33,cm,rainbow,4
394,2019,10,14,Monday,NA,NA,NA,NA,skill_situp_partial,NA,,jsmkch,179
395,2019,10,1,Tuesday,NA,NA,NA,NA,intro_solidfood_regularly,NA,,jsmkch,166
396,2019,9,2,Monday,NA,NA,NA,NA,intro_solidfood,NA,,jsmkch,137
397,2019,9,30,Monday,NA,NA,NA,NA,trait_mass,8.56,kg,rainbow,165
398,2019,9,30,Monday,NA,NA,NA,NA,temperature,102.1,degreesF,rainbow,165
399,2019,9,25,Wednesday,NA,NA,NA,NA,trait_mass,8.48,kg,rainbow,160
400,2019,9,25,Wednesday,14,20,NA,NA,temperature,99.3,degreesF,rainbow,160
401,2019,9,25,Wednesday,15,30,NA,NA,temperature,98.2,degreesF,rainbow,160
402,2019,9,26,Thursday,18,NA,NA,NA,amoxicilin,5,ml,jsmkch,161
403,2019,9,27,Friday,6,NA,NA,NA,amoxicilin,5,ml,jsmkch,162
404,2019,9,27,Friday,18,NA,NA,NA,amoxicilin,5,ml,jsmkch,162
405,2019,9,28,Saturday,6,NA,NA,NA,amoxicilin,5,ml,jsmkch,163
406,2019,9,29,Sunday,6,NA,NA,NA,amoxicilin,5,ml,jsmkch,164
407,2019,9,29,Sunday,18,NA,NA,NA,amoxicilin,5,ml,jsmkch,164
408,2019,9,30,Monday,6,NA,NA,NA,amoxicilin,5,ml,jsmkch,165
409,2019,9,30,Monday,18,NA,NA,NA,amoxicilin,5,ml,jsmkch,165
410,2019,10,1,Tuesday,6,NA,NA,NA,amoxicilin,5,ml,jsmkch,166
411,2019,10,1,Tuesday,18,NA,NA,NA,amoxicilin,5,ml,jsmkch,166
412,2019,10,2,Wednesday,6,NA,NA,NA,amoxicilin,5,ml,jsmkch,167
413,2019,10,2,Wednesday,18,NA,NA,NA,amoxicilin,5,ml,jsmkch,167
414,2019,10,3,Thursday,6,NA,NA,NA,amoxicilin,5,ml,jsmkch,168
415,2019,10,3,Thursday,18,NA,NA,NA,amoxicilin,5,ml,jsmkch,168
416,2019,10,4,Friday,6,NA,NA,NA,amoxicilin,5,ml,jsmkch,169
417,2019,10,4,Friday,18,NA,NA,NA,amoxicilin,5,ml,jsmkch,169
418,2019,10,5,Saturday,6,NA,NA,NA,amoxicilin,5,ml,jsmkch,170
419,2019,10,5,Saturday,18,NA,NA,NA,amoxicilin,5,ml,jsmkch,170
420,2019,10,21,Monday,7,26,NA,NA,wet,NA,,kc,186
421,2019,10,21,Monday,9,15,NA,NA,wet,NA,,vona,186
422,2019,10,21,Monday,11,10,NA,NA,wet,NA,,vona,186
423,2019,10,21,Monday,13,33,NA,NA,wet,NA,,vona,186
424,2019,10,21,Monday,13,42,NA,NA,bowel,NA,,vona,186
425,2019,10,21,Monday,8,NA,NA,NA,caregiver_change,NA,,kc_vona,186
426,2019,10,21,Monday,8,1,NA,NA,bottle,2,oz,vona,186
427,2019,10,21,Monday,9,0,NA,NA,bottle,2.5,oz,vona,186
428,2019,10,21,Monday,11,45,NA,NA,bottle,2,oz,vona,186
429,2019,10,21,Monday,14,15,NA,NA,bottle,2.5,oz,vona,186
430,2019,10,21,Monday,9,27,10,0,nap,NA,,vona,186
431,2019,10,21,Monday,13,0,13,30,nap,NA,,vona,186
432,2019,10,21,Monday,NA,NA,NA,NA,skill_pullup,NA,,vona_kch,186
433,2019,10,22,Tuesday,7,0,NA,NA,dry,NA,,ap,187
434,2019,10,22,Tuesday,8,5,NA,NA,wet,NA,,ap,187
435,2019,10,22,Tuesday,10,35,NA,NA,wet,NA,,ap,187
436,2019,10,22,Tuesday,12,0,NA,NA,bowel,NA,,jd,187
437,2019,10,22,Tuesday,13,30,NA,NA,wet,NA,,ap,187
438,2019,10,22,Tuesday,14,45,NA,NA,wet,NA,,ap,187
439,2019,10,22,Tuesday,8,0,NA,NA,bottle,2,oz,ap,187
440,2019,10,22,Tuesday,10,40,NA,NA,bottle,3,oz,ap,187
441,2019,10,22,Tuesday,13,0,NA,NA,bottle,2,oz,ap,187
442,2019,10,22,Tuesday,9,17,10,30,nap,NA,,ap,187
443,2019,10,22,Tuesday,13,10,13,25,nap,NA,,ap,187
444,2019,10,22,Tuesday,19,0,NA,NA,intro_sleeping_nursery,NA,,jsmkch,187
445,2019,10,4,Friday,NA,NA,NA,NA,trait_tooth_incisor_lower_right,NA,,jsmkch,169
446,2019,10,23,Wednesday,NA,NA,NA,NA,trait_tooth_incisor_lower_left,NA,,jsmkch,188
447,2019,10,23,Wednesday,7,35,NA,NA,dry,NA,,kc,188
448,2019,10,23,Wednesday,9,0,NA,NA,wet,NA,,ap,188
449,2019,10,23,Wednesday,10,45,NA,NA,wet,NA,,ap,188
450,2019,10,23,Wednesday,13,0,NA,NA,wet,NA,,ap,188
451,2019,10,23,Wednesday,14,50,NA,NA,wet,NA,,ap,188
452,2019,10,23,Wednesday,8,0,NA,NA,bottle,2,oz,ap,188
453,2019,10,23,Wednesday,8,45,NA,NA,bottle,1,oz,ap,188
454,2019,10,23,Wednesday,10,15,NA,NA,bottle,2,oz,ap,188
455,2019,10,23,Wednesday,11,10,NA,NA,bottle,3,oz,ap,188
456,2019,10,23,Wednesday,13,45,NA,NA,bottle,2.5,oz,ap,188
457,2019,10,23,Wednesday,9,0,9,45,nap,NA,,ap,188
458,2019,10,23,Wednesday,11,32,12,55,nap,NA,,ap,188
459,2019,10,24,Thursday,7,30,NA,NA,dry,NA,,ap,189
460,2019,10,24,Thursday,8,15,NA,NA,bowel,NA,,ap,189
461,2019,10,24,Thursday,10,15,NA,NA,wet,NA,,ap,189
462,2019,10,24,Thursday,12,40,NA,NA,wet,NA,,ap,189
463,2019,10,24,Thursday,14,40,NA,NA,wet,NA,,ap,189
464,2019,10,24,Thursday,8,5,NA,NA,bottle,1.5,oz,ap,189
465,2019,10,24,Thursday,10,15,NA,NA,bottle,3,oz,ap,189
466,2019,10,24,Thursday,13,10,NA,NA,bottle,2,oz,ap,189
467,2019,10,24,Thursday,13,45,NA,NA,bottle,3,oz,ap,189
468,2019,10,24,Thursday,14,30,NA,NA,bottle,2.5,oz,ap,189
469,2019,10,24,Thursday,15,50,NA,NA,bottle,2.5,oz,ap,189
470,2019,10,24,Thursday,8,45,9,15,nap,NA,,ap,189
471,2019,10,24,Thursday,11,10,12,40,nap,NA,,ap,189
472,2019,10,25,Friday,7,15,NA,NA,dry,NA,,kc,190
473,2019,10,25,Friday,8,15,NA,NA,wet,NA,,ap,190
474,2019,10,25,Friday,10,10,NA,NA,wet,NA,,vona,190
475,2019,10,25,Friday,12,17,NA,NA,wet,NA,,vona,190
476,2019,10,25,Friday,14,15,NA,NA,wet,NA,,vona,190
477,2019,10,25,Friday,16,30,NA,NA,wet,NA,,vona,190
478,2019,10,25,Friday,8,0,NA,NA,bottle,1.5,oz,ap,190
479,2019,10,25,Friday,9,15,NA,NA,bottle,3,oz,vona,190
480,2019,10,25,Friday,11,0,NA,NA,bottle,3,oz,vona,190
481,2019,10,25,Friday,12,45,NA,NA,bottle,3,oz,vona,190
482,2019,10,25,Friday,14,15,NA,NA,bottle,2,oz,vona,190
483,2019,10,25,Friday,15,0,NA,NA,bottle,2,oz,vona,190
484,2019,10,25,Friday,11,40,12,14,nap,NA,,vona,190
485,2019,10,25,Friday,15,10,NA,NA,nap,NA,,vona,190
486,2019,10,25,Friday,8,30,NA,NA,caregiver_change,NA,,ap_vona,190
487,2019,10,28,Monday,7,5,NA,NA,dry,NA,,ap,193
488,2019,10,28,Monday,7,50,NA,NA,wet,NA,,ap,193
489,2019,10,28,Monday,9,25,NA,NA,wet,NA,,vona,193
490,2019,10,28,Monday,11,45,NA,NA,wet,NA,,vona,193
491,2019,10,28,Monday,13,48,NA,NA,wet,NA,,vona,193
492,2019,10,28,Monday,15,5,NA,NA,wet,NA,,vona,193
493,2019,10,28,Monday,8,45,NA,NA,bottle,2,oz,vona,193
494,2019,10,28,Monday,9,25,NA,NA,bottle,2,oz,vona,193
495,2019,10,28,Monday,10,45,NA,NA,bottle,2,oz,vona,193
496,2019,10,28,Monday,11,45,NA,NA,bottle,2,oz,vona,193
497,2019,10,28,Monday,13,25,NA,NA,bottle,2,oz,vona,193
498,2019,10,28,Monday,15,0,NA,NA,bottle,2,oz,vona,193
499,2019,10,28,Monday,10,53,11,45,nap,NA,,vona,193
500,2019,10,28,Monday,12,19,12,30,nap,NA,,vona,193
501,2019,10,29,Tuesday,7,45,NA,NA,wet,NA,,ap,194
502,2019,10,29,Tuesday,9,45,NA,NA,wet,NA,,ap,194
503,2019,10,29,Tuesday,11,30,NA,NA,wet,NA,,jd,194
504,2019,10,29,Tuesday,14,10,NA,NA,wet,NA,,ap,194
505,2019,10,29,Tuesday,15,15,NA,NA,wet,NA,,ap,194
506,2019,10,29,Tuesday,8,0,NA,NA,bottle,2,oz,ap,194
507,2019,10,29,Tuesday,8,50,NA,NA,bottle,2,oz,ap,194
508,2019,10,29,Tuesday,10,20,NA,NA,bottle,3,oz,ap,194
509,2019,10,29,Tuesday,12,5,NA,NA,bottle,3,oz,ap,194
510,2019,10,29,Tuesday,13,20,NA,NA,bottle,3,oz,ap,194
511,2019,10,29,Tuesday,14,55,NA,NA,bottle,2.5,oz,ap,194
512,2019,10,29,Tuesday,10,29,11,30,nap,NA,,ap,194
513,2019,10,29,Tuesday,13,29,14,5,nap,NA,,ap,194
514,2019,10,29,Tuesday,10,15,NA,NA,solids,3,pepper,ap,194
515,2019,10,29,Tuesday,14,30,NA,NA,solids,1,pepper_cheese,ap,194
516,2019,10,30,Wednesday,7,5,NA,NA,dry,NA,,ap,195
517,2019,10,30,Wednesday,7,50,NA,NA,wet,NA,,ap,195
518,2019,10,30,Wednesday,10,0,NA,NA,wet,NA,,ap,195
519,2019,10,30,Wednesday,12,20,NA,NA,wet,NA,,ap,195
520,2019,10,30,Wednesday,13,50,NA,NA,wet,NA,,ap,195
521,2019,10,30,Wednesday,15,13,NA,NA,wet,NA,,kc,195
522,2019,10,30,Wednesday,8,20,NA,NA,bottle,1.5,oz,ap,195
523,2019,10,30,Wednesday,8,45,NA,NA,bottle,2.5,oz,ap,195
524,2019,10,30,Wednesday,10,30,NA,NA,bottle,3,oz,ap,195
525,2019,10,30,Wednesday,11,45,NA,NA,bottle,2,oz,ap,195
526,2019,10,30,Wednesday,12,45,NA,NA,bottle,3,oz,ap,195
527,2019,10,30,Wednesday,13,45,NA,NA,bottle,1.5,oz,ap,195
528,2019,10,30,Wednesday,14,15,NA,NA,bottle,3,oz,ap,195
529,2019,10,30,Wednesday,10,15,NA,NA,solids,3,pepper_cheese,ap,195
530,2019,10,30,Wednesday,13,0,NA,NA,solids,0,pepper_sweetpotato,ap,195
531,2019,10,30,Wednesday,9,7,9,45,nap,NA,,ap,195
532,2019,10,30,Wednesday,11,40,12,0,nap,NA,,ap,195
533,2019,10,31,Thursday,7,10,NA,NA,wet,NA,,ap,196
534,2019,10,31,Thursday,9,0,NA,NA,wet,NA,,ap,196
535,2019,10,31,Thursday,11,0,NA,NA,wet,NA,,ap,196
536,2019,10,31,Thursday,13,10,NA,NA,wet,NA,,ap,196
537,2019,10,31,Thursday,14,50,NA,NA,wet,NA,,ap,196
538,2019,10,31,Thursday,9,20,NA,NA,bottle,2.5,oz,ap,196
539,2019,10,31,Thursday,10,0,NA,NA,bottle,2.5,oz,ap,196
540,2019,10,31,Thursday,11,55,NA,NA,bottle,3,oz,ap,196
541,2019,10,31,Thursday,13,45,NA,NA,bottle,2.5,oz,ap,196
542,2019,10,31,Thursday,10,40,NA,NA,solids,3,squash_cheese,ap,196
543,2019,10,31,Thursday,14,10,NA,NA,solids,2,pepper_cheese,ap,196
544,2019,10,31,Thursday,12,5,13,5,nap,NA,,ap,196
545,2019,11,1,Friday,8,10,NA,NA,wet,NA,,ap,197
546,2019,11,1,Friday,10,15,NA,NA,wet,NA,,vona,197
547,2019,11,1,Friday,12,1,NA,NA,wet,NA,,vona,197
548,2019,11,1,Friday,14,0,NA,NA,wet,NA,,vona,197
549,2019,11,1,Friday,15,10,NA,NA,bowel,NA,,vona,197
550,2019,11,1,Friday,8,15,NA,NA,bottle,2.5,oz,ap,197
551,2019,11,1,Friday,9,30,NA,NA,bottle,2.5,oz,vona,197
552,2019,11,1,Friday,12,5,NA,NA,bottle,3,oz,vona,197
553,2019,11,1,Friday,13,30,NA,NA,bottle,3,oz,vona,197
554,2019,11,1,Friday,9,47,10,2,nap,NA,,vona,197
555,2019,11,1,Friday,12,17,13,18,nap,NA,,vona,197
556,2019,11,1,Friday,11,0,NA,NA,solids,4,egg_pepper,vona,197
557,2019,11,1,Friday,14,25,NA,NA,solids,1,egg_pepper,vona,197
558,2019,11,1,Friday,8,30,NA,NA,caregiver_change,NA,,ap_vona,197
559,2019,11,4,Monday,7,16,NA,NA,dry,NA,,kc,200
560,2019,11,4,Monday,8,0,NA,NA,wet,NA,,kc,200
561,2019,11,4,Monday,8,30,NA,NA,caregiver_change,NA,,kc_ij,200
562,2019,11,4,Monday,9,10,NA,NA,wet,NA,,ij,200
563,2019,11,4,Monday,10,43,NA,NA,diaper,NA,,ij,200
564,2019,11,4,Monday,12,20,NA,NA,bowel,NA,,ij,200
565,2019,11,4,Monday,14,31,NA,NA,dry,NA,,ij,200
566,2019,11,4,Monday,8,30,NA,NA,bottle,3,oz,ij,200
567,2019,11,4,Monday,10,50,NA,NA,bottle,3,oz,ij,200
568,2019,11,4,Monday,13,20,NA,NA,bottle,3,oz,ij,200
569,2019,11,4,Monday,14,45,NA,NA,bottle,3,oz,ij,200
570,2019,11,4,Monday,9,20,10,40,nap,NA,,ij,200
571,2019,11,5,Tuesday,8,0,NA,NA,wet,NA,,ap,201
572,2019,11,5,Tuesday,11,15,NA,NA,wet,NA,,ap,201
573,2019,11,5,Tuesday,12,40,NA,NA,bowel,NA,,jd,201
574,2019,11,5,Tuesday,13,45,NA,NA,wet,NA,,kc,201
575,2019,11,5,Tuesday,15,5,NA,NA,wet,NA,,kc,201
576,2019,11,5,Tuesday,9,53,11,7,nap,NA,,ap,201
577,2019,11,5,Tuesday,13,57,NA,NA,caregiver_change,NA,,ap_kc,201
578,2019,11,5,Tuesday,11,20,NA,NA,solids,3,pepper_bread,ap,201
579,2019,11,5,Tuesday,14,0,NA,NA,solids,3,noodles_bread,ap,201
580,2019,11,5,Tuesday,8,20,NA,NA,bottle,3,oz,ap,201
581,2019,11,5,Tuesday,9,48,NA,NA,bottle,2.5,oz,ap,201
582,2019,11,5,Tuesday,11,45,NA,NA,bottle,3,oz,ap,201
583,2019,11,5,Tuesday,13,30,NA,NA,bottle,3,oz,ap,201
584,2019,11,6,Wednesday,8,0,NA,NA,wet,NA,,ap,202
585,2019,11,6,Wednesday,9,55,NA,NA,wet,NA,,ap,202
586,2019,11,6,Wednesday,11,25,NA,NA,bowel,NA,,ap,202
587,2019,11,6,Wednesday,13,20,NA,NA,wet,NA,,ap,202
588,2019,11,6,Wednesday,8,20,NA,NA,bottle,3,oz,ap,202
589,2019,11,6,Wednesday,10,0,NA,NA,bottle,3.5,oz,ap,202
590,2019,11,6,Wednesday,11,30,NA,NA,bottle,3,oz,ap,202
591,2019,11,6,Wednesday,13,45,NA,NA,bottle,3,oz,ap,202
592,2019,11,6,Wednesday,8,33,9,3,nap,NA,,ap,202
593,2019,11,6,Wednesday,10,20,NA,NA,solids,3,cauliflower,ap,202
594,2019,11,6,Wednesday,10,20,NA,NA,solids,2,noodles,ap,202
595,2019,11,6,Wednesday,14,15,NA,NA,solids,2,cauliflower_pepper,ap,202
596,2019,11,7,Thursday,7,35,NA,NA,wet,NA,,ap,203
597,2019,11,7,Thursday,9,26,NA,NA,wet,NA,,ap,203
598,2019,11,7,Thursday,11,0,NA,NA,bowel,NA,,ap,203
599,2019,11,7,Thursday,12,45,NA,NA,bowel,NA,,melody,203
600,2019,11,7,Thursday,15,5,NA,NA,wet,NA,,ap,203
601,2019,11,7,Thursday,7,55,NA,NA,bottle,2.5,oz,ap,203
602,2019,11,7,Thursday,9,32,NA,NA,bottle,3,oz,ap,203
603,2019,11,7,Thursday,11,0,NA,NA,bottle,3,oz,ap,203
604,2019,11,7,Thursday,11,40,NA,NA,bottle,3,oz,ap,203
605,2019,11,7,Thursday,13,15,NA,NA,bottle,3,oz,ap,203
606,2019,11,7,Thursday,9,35,10,11,nap,NA,,ap,203
607,2019,11,7,Thursday,13,55,15,0,nap,NA,,ap,203
608,2019,11,7,Thursday,10,25,NA,NA,solids,1,pepper_cauliflower,ap,203
609,2019,11,7,Thursday,13,20,NA,NA,solids,2,noodles,ap,203
610,2019,11,7,Thursday,12,20,NA,NA,caregiver_change,NA,,ap_melody,203
611,2019,11,7,Thursday,12,50,NA,NA,caregiver_change,NA,,melody_ap,203
612,2019,11,8,Friday,8,5,NA,NA,wet,NA,,ap,204
613,2019,11,8,Friday,9,48,NA,NA,wet,NA,,vona,204
614,2019,11,8,Friday,11,45,NA,NA,wet,NA,,vona,204
615,2019,11,8,Friday,12,17,NA,NA,bowel,NA,,vona,204
616,2019,11,8,Friday,13,45,NA,NA,wet,NA,,vona,204
617,2019,11,8,Friday,8,30,NA,NA,caregiver_change,NA,,ap_vona,204
618,2019,11,8,Friday,11,13,11,32,nap,NA,,vona,204
619,2019,11,8,Friday,8,50,NA,NA,bottle,4,oz,vona,204
620,2019,11,8,Friday,11,0,NA,NA,bottle,3,oz,vona,204
621,2019,11,8,Friday,11,45,NA,NA,bottle,3,oz,vona,204
622,2019,11,8,Friday,3,12,NA,NA,trait_mass,8.48,kg,rainbow,204
623,2019,11,8,Friday,3,12,NA,NA,trait_length,71.8,cm,rainbow,204
624,2019,11,10,Sunday,NA,NA,NA,NA,skill_crawl_full,NA,,jsmkch,206
625,2019,11,9,Saturday,NA,NA,NA,NA,skill_pullup_regularly,NA,,jsmkch,205
626,2019,11,13,Wednesday,9,0,NA,NA,bowel,NA,,ap,209
627,2019,11,13,Wednesday,10,45,NA,NA,wet,NA,,ap,209
628,2019,11,13,Wednesday,12,50,NA,NA,wet,NA,,ap,209
629,2019,11,13,Wednesday,15,0,NA,NA,wet,NA,,ap,209
630,2019,11,13,Wednesday,11,30,NA,NA,bottle,3.5,,ap,209
631,2019,11,13,Wednesday,13,0,NA,NA,bottle,3,,ap,209
632,2019,11,13,Wednesday,11,45,12,20,nap,NA,,ap,209
633,2019,11,13,Wednesday,11,0,NA,NA,solids,3,noodles_squash,ap,209
634,2019,11,13,Wednesday,14,15,NA,NA,solids,2,squash,ap,209
635,2019,11,12,Tuesday,7,55,NA,NA,dry,NA,,ap,208
636,2019,11,12,Tuesday,8,30,NA,NA,wet,NA,,ap,208
637,2019,11,12,Tuesday,10,30,NA,NA,wet,NA,,ap,208
638,2019,11,12,Tuesday,13,15,NA,NA,wet,NA,,ap,208
639,2019,11,12,Tuesday,13,55,NA,NA,bowel,NA,,ap,208
640,2019,11,12,Tuesday,11,5,NA,NA,bottle,3.5,oz,ap,208
641,2019,11,12,Tuesday,14,30,NA,NA,bottle,4,oz,ap,208
642,2019,11,12,Tuesday,11,30,13,1,nap,NA,,ap,208
643,2019,11,12,Tuesday,10,45,NA,NA,solids,NA,noodles_zucchini,ap,208
644,2019,11,12,Tuesday,15,0,NA,NA,wet,NA,,ap,208
645,2019,11,14,Thursday,7,35,NA,NA,wet,NA,,ap,210
646,2019,11,14,Thursday,8,25,NA,NA,bowel,NA,,ap,210
647,2019,11,14,Thursday,11,30,NA,NA,wet,NA,,jd,210
648,2019,11,14,Thursday,13,20,NA,NA,bowel,NA,,ap,210
649,2019,11,14,Thursday,15,3,NA,NA,wet,NA,,kc,210
650,2019,11,14,Thursday,8,20,NA,NA,bottle,1.5,oz,ap,210
651,2019,11,14,Thursday,11,30,NA,NA,bottle,4,oz,jd,210
652,2019,11,14,Thursday,14,5,NA,NA,bottle,5,oz,ap,210
653,2019,11,14,Thursday,12,30,NA,NA,solids,2,noodles_zucchini,ap,210
654,2019,11,14,Thursday,14,30,NA,NA,solids,5,zucchini,ap,210
655,2019,11,14,Thursday,9,17,11,25,nap,NA,,jd,210
656,2019,11,15,Friday,6,0,NA,NA,amoxicilin,7,mL,jsmkch,211
657,2019,11,15,Friday,18,0,NA,NA,amoxicilin,7,mL,jsmkch,211
658,2019,11,14,Thursday,6,0,NA,NA,amoxicilin,7,mL,jsmkch,210
659,2019,11,14,Thursday,18,0,NA,NA,amoxicilin,7,mL,jsmkch,210
660,2019,11,13,Wednesday,6,0,NA,NA,amoxicilin,7,mL,jsmkch,209
661,2019,11,13,Wednesday,18,0,NA,NA,amoxicilin,7,mL,jsmkch,209
662,2019,11,12,Tuesday,6,0,NA,NA,amoxicilin,7,mL,jsmkch,208
663,2019,11,12,Tuesday,18,0,NA,NA,amoxicilin,7,mL,jsmkch,208
664,2019,11,15,Friday,7,0,NA,NA,wet,NA,,kc,211
665,2019,11,15,Friday,9,0,NA,NA,wet,NA,,vona,211
666,2019,11,15,Friday,11,21,NA,NA,wet,NA,,vona,211
667,2019,11,15,Friday,13,16,NA,NA,wet,NA,,vona,211
668,2019,11,15,Friday,15,15,NA,NA,wet,NA,,vona,211
669,2019,11,15,Friday,8,18,NA,NA,bottle,0,oz,vona,211
670,2019,11,15,Friday,9,15,NA,NA,bottle,3,oz,vona,211
671,2019,11,15,Friday,11,15,NA,NA,bottle,4,oz,vona,211
672,2019,11,15,Friday,13,30,NA,NA,bottle,3,oz,vona,211
673,2019,11,15,Friday,14,15,NA,NA,bottle,4,oz,vona,211
674,2019,11,15,Friday,11,30,12,12,nap,NA,,vona,211
675,2019,11,15,Friday,11,0,NA,NA,solids,2,zucchini,vona,211
676,2019,11,15,Friday,14,0,NA,NA,solids,0,zucchini,vona,211
677,2019,11,15,Friday,8,15,NA,NA,caregiver_change,NA,,kc_vona,211
678,2019,11,19,Tuesday,7,40,NA,NA,wet,NA,,ap,215
679,2019,11,19,Tuesday,9,45,NA,NA,wet,NA,,ap,215
680,2019,11,19,Tuesday,12,20,NA,NA,wet,NA,,ap,215
681,2019,11,19,Tuesday,14,15,NA,NA,wet,NA,,ap,215
682,2019,11,19,Tuesday,8,40,NA,NA,bottle,1.5,oz,ap,215
683,2019,11,19,Tuesday,10,30,NA,NA,bottle,4,oz,ap,215
684,2019,11,19,Tuesday,12,35,NA,NA,bottle,3,oz,ap,215
685,2019,11,19,Tuesday,14,20,NA,NA,bottle,4,oz,ap,215
686,2019,11,19,Tuesday,8,0,NA,NA,solids,2,toast_egg,ap,215
687,2019,11,19,Tuesday,10,15,NA,NA,solids,3,egg,ap,215
688,2019,11,19,Tuesday,14,0,NA,NA,solids,3,egg,ap,215
689,2019,11,19,Tuesday,10,45,12,0,nap,NA,,ap,215
690,2019,11,18,Monday,6,0,NA,NA,amoxicilin,7,ml,jsmkch,214
691,2019,11,18,Monday,8,38,NA,NA,wet,NA,,vona,214
692,2019,11,18,Monday,10,36,NA,NA,wet,NA,,vona,214
693,2019,11,18,Monday,12,38,NA,NA,wet,NA,,vona,214
694,2019,11,18,Monday,12,57,NA,NA,bowel,NA,,vona,214
695,2019,11,18,Monday,15,0,NA,NA,wet,NA,,vona,214
696,2019,11,18,Monday,9,0,NA,NA,bottle,6,oz,vona,214
697,2019,11,18,Monday,11,30,NA,NA,bottle,3,oz,vona,214
698,2019,11,18,Monday,13,0,NA,NA,bottle,3,oz,vona,214
699,2019,11,18,Monday,15,0,NA,NA,bottle,2,oz,vona,214
700,2019,11,18,Monday,11,0,NA,NA,solids,3,irongoo,vona,214
701,2019,11,18,Monday,14,25,NA,NA,solids,3,irongoo,vona,214
702,2019,11,18,Monday,11,30,11,59,nap,NA,,vona,214
703,2019,11,18,Monday,13,13,13,58,nap,NA,,vona,214
704,2019,11,21,Thursday,8,40,8,47,bottle,3.1,oz,jsm,217
705,2019,11,21,Thursday,7,15,NA,NA,solids,1,sausage,jsm,217
706,2019,11,21,Thursday,10,15,11,45,nap,NA,,jsm,217
707,2019,11,21,Thursday,11,40,NA,NA,trait_mass,8.79,kg,rainbow,217
708,2019,11,21,Thursday,11,40,NA,NA,trait_length,73,cm,rainbow,217
709,2019,11,20,Wednesday,7,30,NA,NA,wet,NA,,ap,216
710,2019,11,20,Wednesday,9,15,NA,NA,bowel,NA,,ap,216
711,2019,11,20,Wednesday,12,5,NA,NA,wet,NA,,ap,216
712,2019,11,20,Wednesday,13,30,NA,NA,bowel,NA,,ap,216
713,2019,11,20,Wednesday,15,0,NA,NA,dry,NA,,ap,216
714,2019,11,20,Wednesday,8,30,NA,NA,solids,3.5,,ap,216
715,2019,11,20,Wednesday,10,30,NA,NA,solids,2,,ap,216
716,2019,11,20,Wednesday,12,20,NA,NA,solids,5,,ap,216
717,2019,11,20,Wednesday,14,50,NA,NA,solids,4,,ap,216
718,2019,11,20,Wednesday,8,10,NA,NA,solids,3,egg,ap,216
719,2019,11,20,Wednesday,10,15,NA,NA,solids,3,irongoo,ap,216
720,2019,11,20,Wednesday,13,45,NA,NA,solids,2,irongoo,ap,216
721,2019,11,20,Wednesday,10,47,12,2,nap,NA,,ap,216
722,2019,12,5,Thursday,7,45,NA,NA,wet,NA,,ap,231
723,2019,12,5,Thursday,9,20,NA,NA,wet,NA,,ap,231
724,2019,12,5,Thursday,12,15,NA,NA,wet,NA,,jd,231
725,2019,12,5,Thursday,14,25,NA,NA,wet,NA,,ap,231
726,2019,12,5,Thursday,8,5,NA,NA,bottle,3,oz,ap,231
727,2019,12,5,Thursday,9,45,NA,NA,bottle,3.5,oz,ap,231
728,2019,12,5,Thursday,12,20,NA,NA,bottle,3.5,oz,ap,231
729,2019,12,5,Thursday,14,30,NA,NA,bottle,2,oz,ap,231
730,2019,12,5,Thursday,10,45,12,10,nap,NA,,ap,231
731,2019,12,5,Thursday,8,0,NA,NA,solids,2,irongoo,ap,231
732,2019,12,5,Thursday,10,20,NA,NA,solids,3,irongoo,ap,231
733,2019,12,5,Thursday,14,10,NA,NA,solids,3,irongoo,ap,231
734,2019,12,4,Wednesday,8,10,NA,NA,wet,NA,,ap,230
735,2019,12,4,Wednesday,9,35,NA,NA,bowel,NA,,ap,230
736,2019,12,4,Wednesday,11,15,NA,NA,wet,NA,,ap,230
737,2019,12,4,Wednesday,12,45,NA,NA,wet,NA,,ap,230
738,2019,12,4,Wednesday,14,40,NA,NA,wet,NA,,ap,230
739,2019,12,4,Wednesday,8,30,NA,NA,bottle,4,oz,ap,230
740,2019,12,4,Wednesday,10,0,NA,NA,bottle,3,oz,ap,230
741,2019,12,4,Wednesday,11,20,NA,NA,bottle,2,oz,ap,230
742,2019,12,4,Wednesday,12,50,NA,NA,bottle,1.5,oz,ap,230
743,2019,12,4,Wednesday,8,0,NA,NA,solids,3,irongoo,ap,230
744,2019,12,4,Wednesday,11,0,NA,NA,solids,3,irongoo,ap,230
745,2019,12,4,Wednesday,14,10,NA,NA,solids,2,irongoo,ap,230
746,2019,12,4,Wednesday,12,0,12,40,nap,NA,,ap,230
747,2019,12,4,Wednesday,14,30,NA,NA,bottle,3,oz,ap,230
748,2019,12,3,Tuesday,8,50,NA,NA,dry,NA,,kc,229
749,2019,12,3,Tuesday,9,30,NA,NA,wet,NA,,kc,229
750,2019,12,3,Tuesday,11,30,NA,NA,dry,NA,,kc,229
751,2019,12,3,Tuesday,13,20,NA,NA,wet,NA,,kc,229
752,2019,12,3,Tuesday,15,7,NA,NA,bowel,NA,,kc,229
753,2019,12,3,Tuesday,9,0,NA,NA,bottle,3,oz,kc,229
754,2019,12,3,Tuesday,11,0,NA,NA,bottle,3,oz,kc,229
755,2019,12,3,Tuesday,13,24,NA,NA,bottle,3,oz,kc,229
756,2019,12,3,Tuesday,14,35,NA,NA,bottle,3,oz,kc,229
757,2019,12,3,Tuesday,13,50,14,30,nap,NA,,kc,229
758,2019,12,3,Tuesday,10,45,NA,NA,solids,3,irongoo,kc,229
759,2019,12,3,Tuesday,14,35,NA,NA,solids,3,irongoo,kc,229
760,2019,12,3,Tuesday,7,13,NA,NA,trait_tooth_incisor_upper_right,NA,,jsmkch,229
761,2019,12,7,Saturday,12,55,NA,NA,trait_tooth_incisor_upper_left,NA,,jsmkch,233
762,2019,12,10,Tuesday,8,0,NA,NA,wet,NA,,ap,236
763,2019,12,10,Tuesday,9,50,NA,NA,wet,NA,,ap,236
764,2019,12,10,Tuesday,11,30,NA,NA,wet,NA,,ap,236
765,2019,12,10,Tuesday,13,45,NA,NA,wet,NA,,ap,236
766,2019,12,10,Tuesday,15,20,NA,NA,bowel,NA,,ap,236
767,2019,12,10,Tuesday,9,25,NA,NA,bottle,4,oz,ap,236
768,2019,12,10,Tuesday,11,15,NA,NA,bottle,4,oz,ap,236
769,2019,12,10,Tuesday,14,40,NA,NA,bottle,3,oz,ap,236
770,2019,12,10,Tuesday,10,10,11,0,nap,NA,,ap,236
771,2019,12,10,Tuesday,8,20,NA,NA,solids,3,biscuit_gravy_orange,ap,236
772,2019,12,10,Tuesday,11,20,NA,NA,solids,3,greenbeans,ap,236
773,2019,12,10,Tuesday,14,20,NA,NA,solids,2,graham_crackers,ap,236
774,2019,12,12,Thursday,7,40,NA,NA,wet,NA,,ap,238
775,2019,12,12,Thursday,9,50,NA,NA,wet,NA,,ap,238
776,2019,12,12,Thursday,11,30,NA,NA,wet,NA,,ap,238
777,2019,12,12,Thursday,13,20,NA,NA,wet,NA,,ap,238
778,2019,12,12,Thursday,15,0,NA,NA,wet,NA,,kc,238
779,2019,12,12,Thursday,9,55,NA,NA,bottle,2,oz,ap,238
780,2019,12,12,Thursday,10,25,NA,NA,bottle,3,oz,ap,238
781,2019,12,12,Thursday,13,10,NA,NA,bottle,1,oz,ap,238
782,2019,12,12,Thursday,14,57,NA,NA,bottle,3,oz,ap,238
783,2019,12,12,Thursday,10,30,11,20,nap,NA,,ap,238
784,2019,12,12,Thursday,8,15,NA,NA,solids,3,banana_toast,ap,238
785,2019,12,12,Thursday,12,15,NA,NA,solids,2,turkey_cheese_applesauce,ap,238
786,2019,12,12,Thursday,14,0,NA,NA,solids,3,crackers_cheese,ap,238
787,2019,12,9,Monday,7,45,NA,NA,wet,NA,,ap,235
788,2019,12,9,Monday,9,30,NA,NA,wet,NA,,ap,235
789,2019,12,9,Monday,12,20,NA,NA,wet,NA,,vona,235
790,2019,12,9,Monday,14,20,NA,NA,wet,NA,,ap,235
791,2019,12,9,Monday,11,5,12,12,nap,NA,,vona,235
792,2019,12,9,Monday,9,55,NA,NA,bottle,4,oz,ap,235
793,2019,12,9,Monday,10,45,NA,NA,bottle,4,oz,ap,235
794,2019,12,9,Monday,13,0,NA,NA,bottle,2,oz,ap,235
795,2019,12,9,Monday,14,25,NA,NA,bottle,0,oz,ap,235
796,2019,12,9,Monday,8,0,NA,NA,solids,4,waffle,ap,235
797,2019,12,9,Monday,10,30,NA,NA,solids,4,irongoo,ap,235
798,2019,12,9,Monday,14,10,NA,NA,solids,1,apple,ap,235
799,2019,12,17,Tuesday,7,30,NA,NA,wet,NA,,ap,243
800,2019,12,17,Tuesday,9,15,NA,NA,wet,NA,,ap,243
801,2019,12,17,Tuesday,12,23,NA,NA,wet,NA,,ap,243
802,2019,12,17,Tuesday,14,15,NA,NA,dry,NA,,ap,243
803,2019,12,17,Tuesday,10,40,NA,NA,bottle,3,oz,ap,243
804,2019,12,17,Tuesday,13,45,NA,NA,bottle,4,oz,ap,243
805,2019,12,17,Tuesday,11,5,12,20,nap,NA,,ap,243
806,2019,12,17,Tuesday,8,0,NA,NA,solids,3,waffle,ap,243
807,2019,12,17,Tuesday,10,30,NA,NA,solids,0,ham_squash_corn,ap,243
808,2019,12,17,Tuesday,14,0,NA,NA,solids,3,bread_raisin,ap,243
809,2019,12,19,Thursday,8,10,NA,NA,wet,NA,,ap,245
810,2019,12,19,Thursday,10,5,NA,NA,wet,NA,,ap,245
811,2019,12,19,Thursday,13,7,NA,NA,bowel,NA,,ap,245
812,2019,12,19,Thursday,15,0,NA,NA,dry,NA,,ap,245
813,2019,12,19,Thursday,8,55,NA,NA,bottle,1,oz,ap,245
814,2019,12,19,Thursday,13,13,NA,NA,bottle,1,oz,ap,245
815,2019,12,19,Thursday,13,40,NA,NA,bottle,2,oz,ap,245
816,2019,12,19,Thursday,7,50,NA,NA,solids,2.5,irongoo,ap,245
817,2019,12,19,Thursday,10,20,NA,NA,solids,3,carrot,ap,245
818,2019,12,19,Thursday,14,30,NA,NA,solids,3,irongoo_carrot,ap,245
819,2019,12,19,Thursday,11,28,13,5,nap,NA,,ap,245
820,2019,12,18,Wednesday,8,0,NA,NA,wet,NA,,ap,244
821,2019,12,18,Wednesday,10,5,NA,NA,wet,NA,,ap,244
822,2019,12,18,Wednesday,12,25,NA,NA,wet,NA,,ij,244
823,2019,12,18,Wednesday,14,25,NA,NA,wet,NA,,ap,244
824,2019,12,18,Wednesday,15,22,NA,NA,dry,NA,,kc,244
825,2019,12,18,Wednesday,9,55,NA,NA,bottle,3,oz,ap,244
826,2019,12,18,Wednesday,11,5,NA,NA,bottle,1,oz,ap,244
827,2019,12,18,Wednesday,13,0,NA,NA,bottle,2,oz,ap,244
828,2019,12,18,Wednesday,11,10,12,15,nap,NA,,ap,244
829,2019,12,18,Wednesday,7,50,NA,NA,solids,3,irongoo,ap,244
830,2019,12,18,Wednesday,10,30,NA,NA,solids,1,squash,ap,244
831,2019,12,18,Wednesday,14,0,NA,NA,solids,3,irongoo,ap,244
832,2019,12,13,Friday,7,0,NA,NA,dry,NA,,kc,239
833,2019,12,13,Friday,9,30,NA,NA,wet,NA,,kc,239
834,2019,12,13,Friday,10,25,NA,NA,wet,NA,,kc,239
835,2019,12,13,Friday,12,55,NA,NA,wet,NA,,kc,239
836,2019,12,13,Friday,14,55,NA,NA,wet,NA,,kc,239
837,2019,12,13,Friday,8,0,NA,NA,bottle,3,oz,kc,239
838,2019,12,13,Friday,10,45,NA,NA,bottle,3,oz,kc,239
839,2019,12,13,Friday,13,30,NA,NA,bottle,1,oz,kc,239
840,2019,12,13,Friday,14,30,NA,NA,bottle,3,oz,kc,239
841,2019,12,13,Friday,11,0,12,49,nap,NA,,kc,239
842,2019,12,13,Friday,10,50,NA,NA,solids,3,irongoo_vegetable,kc,239
843,2019,12,13,Friday,14,0,NA,NA,solids,3,irongoo,kc,239
844,2020,1,6,Monday,7,14,NA,NA,dry,NA,,kc,263
845,2020,1,6,Monday,9,0,NA,NA,wet,NA,,ap,263
846,2020,1,6,Monday,12,30,NA,NA,wet,NA,,ap,263
847,2020,1,6,Monday,14,20,NA,NA,wet,NA,,ap,263
848,2020,1,6,Monday,9,10,NA,NA,bottle,3,oz,ap,263
849,2020,1,6,Monday,13,25,NA,NA,bottle,4,oz,ap,263
850,2020,1,6,Monday,11,10,12,17,nap,NA,,ap,263
851,2020,1,6,Monday,8,0,NA,NA,solids,3,raisinbran,ap,263
852,2020,1,6,Monday,10,45,NA,NA,solids,3,meatballs_mashedpotato_strawberry,ap,263
853,2020,1,6,Monday,13,45,NA,NA,solids,3,cheese,ap,263
854,2019,12,11,Wednesday,7,30,NA,NA,wet,NA,,kc,237
855,2019,12,11,Wednesday,9,30,NA,NA,wet,NA,,kc,237
856,2019,12,11,Wednesday,11,35,NA,NA,wet,NA,,ap,237
857,2019,12,11,Wednesday,14,18,NA,NA,wet,NA,,ap,237
858,2019,12,11,Wednesday,8,30,NA,NA,bottle,3,oz,kc,237
859,2019,12,11,Wednesday,10,7,NA,NA,bottle,4,oz,kc,237
860,2019,12,11,Wednesday,14,5,NA,NA,bottle,4,oz,ap,237
861,2019,12,11,Wednesday,14,48,NA,NA,bottle,3,oz,ap,237
862,2019,12,11,Wednesday,10,35,11,32,nap,NA,,ap,237
863,2019,12,11,Wednesday,8,0,NA,NA,solids,3,cheerio,kc,237
864,2019,12,11,Wednesday,11,40,NA,NA,solids,2.5,ham_mashedpotato_strawberry,ap,237
865,2019,12,11,Wednesday,14,0,NA,NA,solids,3,gcracker_apple,ap,237
866,2020,1,8,Wednesday,10,10,NA,NA,wet,NA,,ap,265
867,2020,1,8,Wednesday,12,30,NA,NA,wet,NA,,kc,265
868,2020,1,8,Wednesday,14,25,NA,NA,wet,NA,,ap,265
869,2020,1,8,Wednesday,11,5,NA,NA,bottle,2,oz,ap,265
870,2020,1,8,Wednesday,13,15,NA,NA,bottle,3,oz,ap,265
871,2020,1,8,Wednesday,11,15,12,30,nap,NA,,ap,265
872,2020,1,8,Wednesday,10,30,NA,NA,solids,3,noodles,ap,265
873,2020,1,8,Wednesday,14,10,NA,NA,solids,3,fruit,ap,265
874,2020,1,13,Monday,7,45,NA,NA,wet,NA,,ap,270
875,2020,1,13,Monday,9,55,NA,NA,wet,NA,,ap,270
876,2020,1,13,Monday,12,25,NA,NA,wet,NA,,ap,270
877,2020,1,13,Monday,13,50,NA,NA,wet,NA,,kc,270
878,2020,1,13,Monday,11,7,12,20,nap,NA,,ap,270
879,2020,1,13,Monday,11,5,NA,NA,bottle,1,oz,ap,270
880,2020,1,13,Monday,14,0,NA,NA,bottle,2,oz,ap,270
881,2020,1,13,Monday,8,15,NA,NA,solids,3,cheerios,ap,270
882,2020,1,13,Monday,10,50,NA,NA,solids,3,noodles,ap,270
883,2020,1,13,Monday,14,5,NA,NA,solids,2,apple,ap,270
884,2020,1,14,Tuesday,8,10,NA,NA,wet,NA,,ap,271
885,2020,1,14,Tuesday,10,10,NA,NA,wet,NA,,ap,271
886,2020,1,14,Tuesday,12,0,NA,NA,wet,NA,,ap,271
887,2020,1,14,Tuesday,14,30,NA,NA,wet,NA,,ap,271
888,2020,1,14,Tuesday,9,15,NA,NA,bottle,2,oz,ap,271
889,2020,1,14,Tuesday,13,10,NA,NA,bottle,0.5,oz,ap,271
890,2020,1,14,Tuesday,10,27,11,30,nap,NA,,ap,271
891,2020,1,14,Tuesday,8,40,NA,NA,solids,1,toast_apple,ap,271
892,2020,1,14,Tuesday,11,30,NA,NA,solids,2.5,apple,ap,271
893,2020,1,14,Tuesday,14,15,NA,NA,solids,3,fruit,ap,271
894,2020,1,10,Friday,8,30,NA,NA,wet,NA,,ap,267
895,2020,1,10,Friday,9,15,NA,NA,bowel,NA,,ap,267
896,2020,1,10,Friday,12,50,NA,NA,wet,NA,,ap,267
897,2020,1,10,Friday,9,0,NA,NA,bottle,1,oz,ap,267
898,2020,1,10,Friday,11,20,NA,NA,bottle,2,oz,ap,267
899,2020,1,10,Friday,8,0,NA,NA,solids,3,cheese_toast_apple,ap,267
900,2020,1,10,Friday,11,5,NA,NA,solids,3,noodles_banana_veggies,ap,267
901,2020,1,10,Friday,14,10,NA,NA,solids,3,gcracker,ap,267
902,2020,1,10,Friday,11,25,12,30,nap,NA,,ap,267
903,2020,1,9,Thursday,7,5,NA,NA,dry,NA,,kc,266
904,2020,1,9,Thursday,8,30,NA,NA,wet,NA,,ap,266
905,2020,1,9,Thursday,10,20,NA,NA,wet,NA,,ap,266
906,2020,1,9,Thursday,12,45,NA,NA,wet,NA,,ap,266
907,2020,1,9,Thursday,14,30,NA,NA,wet,NA,,ap,266
908,2020,1,9,Thursday,9,35,NA,NA,bottle,1,oz,ap,266
909,2020,1,9,Thursday,11,0,NA,NA,bottle,0,oz,ap,266
910,2020,1,9,Thursday,12,55,NA,NA,bottle,1.5,oz,ap,266
911,2020,1,9,Thursday,8,10,NA,NA,solids,2,fruit,ap,266
912,2020,1,9,Thursday,10,40,NA,NA,solids,3,noodles,ap,266
913,2020,1,9,Thursday,14,5,NA,NA,solids,3,fruit,ap,266
914,2020,1,9,Thursday,11,10,11,45,nap,NA,,ap,266
915,2020,1,15,Wednesday,8,30,NA,NA,wet,NA,,ap,272
916,2020,1,15,Wednesday,10,6,NA,NA,bowel,NA,,kc,272
917,2020,1,15,Wednesday,12,12,NA,NA,wet,NA,,ap,272
918,2020,1,15,Wednesday,14,0,NA,NA,dry,NA,,ap,272
919,2020,1,15,Wednesday,11,7,12,9,nap,NA,,ap,272
920,2020,1,15,Wednesday,9,10,NA,NA,bottle,0,oz,ap,272
921,2020,1,15,Wednesday,11,0,NA,NA,bottle,1,oz,ap,272
922,2020,1,15,Wednesday,13,0,NA,NA,bottle,0,oz,ap,272
923,2020,1,15,Wednesday,8,10,NA,NA,solids,3,cereal,ap,272
924,2020,1,15,Wednesday,10,50,NA,NA,solids,2,turkey_potato_pineapple,ap,272
925,2020,1,15,Wednesday,13,55,NA,NA,solids,NA,banana_animalcrackers,ap,272
926,2020,1,16,Thursday,7,2,NA,NA,dry,NA,,kc,273
927,2020,1,16,Thursday,8,30,NA,NA,wet,NA,,ap,273
928,2020,1,16,Thursday,10,30,NA,NA,wet,NA,,ap,273
929,2020,1,16,Thursday,12,20,NA,NA,wet,NA,,ap,273
930,2020,1,16,Thursday,14,6,NA,NA,wet,NA,,kc,273
931,2020,1,16,Thursday,9,30,NA,NA,bottle,0.5,oz,ap,273
932,2020,1,16,Thursday,14,20,NA,NA,bottle,0,oz,ap,273
933,2020,1,16,Thursday,11,20,12,15,nap,NA,,ap,273
934,2020,1,16,Thursday,8,10,NA,NA,solids,3,toast_oatmeal,ap,273
935,2020,1,16,Thursday,10,45,NA,NA,solids,3,chicken_broccoli_pineapple,ap,273
936,2020,1,16,Thursday,12,25,NA,NA,solids,3,blueberries,ap,273
937,2020,1,16,Thursday,13,45,NA,NA,solids,3,blueberries_animalcrackers_yogurt,ap,273
938,2020,1,21,Tuesday,8,20,NA,NA,wet,NA,,ap,278
939,2020,1,21,Tuesday,10,15,NA,NA,dry,NA,,ap,278
940,2020,1,21,Tuesday,12,25,NA,NA,wet,NA,,kc,278
941,2020,1,21,Tuesday,14,20,NA,NA,wet,NA,,ap,278
942,2020,1,21,Tuesday,8,25,NA,NA,bottle,0,water,ap,278
943,2020,1,21,Tuesday,9,40,NA,NA,bottle,0,water,ap,278
944,2020,1,21,Tuesday,10,50,NA,NA,bottle,0,water,ap,278
945,2020,1,21,Tuesday,13,0,NA,NA,bottle,1,oz,ap,278
946,2020,1,21,Tuesday,11,5,12,20,nap,NA,,ap,278
947,2020,1,21,Tuesday,8,5,NA,NA,solids,3,toast_oranges,ap,278
948,2020,1,21,Tuesday,10,50,NA,NA,solids,3,fishsticks_borccoli_applesauce,ap,278
949,2020,1,21,Tuesday,12,50,NA,NA,solids,3,carrots,ap,278
950,2020,1,21,Tuesday,14,5,NA,NA,solids,3,gcrackers,ap,278
951,2020,1,22,Wednesday,7,2,NA,NA,wet,NA,,kc,279
952,2020,1,22,Wednesday,9,0,NA,NA,wet,NA,,mb,279
953,2020,1,22,Wednesday,10,45,NA,NA,wet,NA,,kc,279
954,2020,1,22,Wednesday,11,30,NA,NA,bowel,NA,,kc,279
955,2020,1,22,Wednesday,13,59,NA,NA,wet,NA,,kc,279
956,2020,1,22,Wednesday,10,30,NA,NA,bottle,0,water,kc,279
957,2020,1,22,Wednesday,13,38,NA,NA,bottle,0,water,kc,279
958,2020,1,22,Wednesday,14,29,NA,NA,bottle,2,oz,kc,279
959,2020,1,22,Wednesday,11,55,13,0,nap,NA,,kc,279
960,2020,1,22,Wednesday,8,0,NA,NA,solids,2.5,applesauce_eggs,kc,279
961,2020,1,22,Wednesday,10,50,NA,NA,solids,3,noodles_veggies_cheese,kc,279
962,2020,1,22,Wednesday,14,0,NA,NA,solids,3,crackers_cheese,kc,279
963,2020,2,6,Thursday,NA,NA,NA,NA,trait_tooth_incisor_lateral_upper_right,NA,,kch,294
964,2020,2,11,Tuesday,NA,NA,NA,NA,trait_tooth_incisor_lateral_upper_left,NA,,jsm,299
965,2020,1,30,Thursday,NA,NA,NA,NA,trait_length,74.9,cm,rainbow,287
966,2020,1,30,Thursday,NA,NA,NA,NA,trait_mass,9.92,kg,rainbow,287
967,2020,1,30,Thursday,NA,NA,NA,NA,trait_head_circum,45.7,cm,rainbow,287
968,2020,2,10,Monday,NA,NA,NA,NA,skill_step,NA,,kc,298
969,2020,3,13,Friday,NA,NA,NA,NA,trait_mass,10.348,kg,rainbow,330
970,2020,3,10,Tuesday,NA,NA,NA,NA,skill_walking,NA,,jsmkch,327
971,2020,3,13,Friday,18,0,NA,NA,amoxicilin,3,mL,jsm,330
972,2020,3,14,Saturday,8,0,NA,NA,amoxicilin,3,mL,jsm,331
973,2020,3,14,Saturday,18,0,NA,NA,amoxicilin,3,mL,jsm,331
974,2020,3,15,Sunday,8,0,NA,NA,amoxicilin,3,mL,jsm,332
975,2020,3,15,Sunday,18,0,NA,NA,amoxicilin,3,mL,jsm,332
976,2020,3,16,Monday,8,0,NA,NA,amoxicilin,3,mL,jsm,333
977,2020,3,16,Monday,18,0,NA,NA,amoxicilin,3,mL,jsm,333
978,2020,3,17,Tuesday,8,0,NA,NA,amoxicilin,3,mL,jsm,334
979,2020,3,17,Tuesday,18,0,NA,NA,amoxicilin,3,mL,jsm,334
980,2020,3,14,Saturday,8,0,NA,NA,predisolone,5,mL,jsm,331
981,2020,3,15,Sunday,8,0,NA,NA,predisolone,5,mL,jsm,332
982,2020,3,16,Monday,8,0,NA,NA,predisolone,5,mL,jsm,333
983,2020,3,17,Tuesday,8,0,NA,NA,predisolone,5,mL,jsm,334
984,2020,3,18,Wednesday,8,0,NA,NA,predisolone,5,mL,jsm,335
985,2020,3,12,Thursday,NA,NA,NA,NA,start_home_covid19,NA,,jsm,329
986,2020,3,18,Wednesday,8,0,NA,NA,amoxicilin,3,mL,jsm,335
987,2020,3,18,Wednesday,18,0,NA,NA,amoxicilin,3,mL,jsm,335
988,2020,3,19,Thursday,8,0,NA,NA,amoxicilin,3,mL,jsm,336
989,2020,3,20,Friday,8,0,NA,NA,amoxicilin,3,mL,jsm,337
990,2020,3,20,Friday,18,0,NA,NA,amoxicilin,3,mL,jsm,337
991,2020,3,21,Saturday,8,0,NA,NA,amoxicilin,3,mL,jsm,338
992,2020,4,7,Tuesday,NA,NA,NA,NA,trait_tooth_incisor_lower_right_lateral,NA,,kch,355
993,2020,4,16,Wednesday,NA,NA,NA,NA,trait_tooth_incisor_lower_left_lateral,NA,,jsm,364
994,2020,5,25,Monday,NA,NA,NA,NA,trait_tooth_molar_lower_right,NA,,jsm,403
995,2020,5,25,Monday,NA,NA,NA,NA,trait_tooth_molar_lower_left,NA,,jsm,403
996,2020,4,30,Thursday,NA,NA,NA,NA,trait_mass,10.66,kg,rainbow,378
997,2020,4,30,Thursday,NA,NA,NA,NA,trait_length,80.01,cm,rainbow,378
998,2020,6,15,Monday,NA,NA,NA,NA,trait_tooth_canine_lower_right,NA,,jsm,424
999,2020,6,15,Monday,NA,NA,NA,NA,trait_tooth_canine_lower_left,NA,,jsm,424
1000,2020,6,20,Saturday,NA,NA,NA,NA,trait_tooth_molar_upper_right,NA,,kch,429
1001,2020,8,10,Monday,NA,NA,NA,NA,trait_mass,11.82,kg,rainbow,480
1002,2020,7,31,Friday,NA,NA,NA,NA,trait_mass,11.57,kg,hottinger,470
1003,2020,8,10,Monday,NA,NA,NA,NA,trait_length,83.82,cm,rainbow,480
1004,2020,6,25,Thursday,NA,NA,NA,NA,trait_tooth_molar_upper_left,NA,,kch,434
1005,2020,12,7,Monday,NA,NA,NA,NA,skill_self_reference,NA,"our car zoom beren" ah cah zoom beh,jsm,599
1006,2020,11,18,Wednesday,NA,NA,NA,NA,start_home_covid19,NA,,jsm,580
1007,2020,8,11,Tuesday,NA,NA,NA,NA,stop_home_covid19,NA,,jsm,481
1008,2020,11,7,Saturday,NA,NA,NA,NA,skill_sentence,NA,"cars go zoom" cah zoom,jsm,569
1009,2020,12,14,Monday,NA,NA,NA,NA,skill_count,NA,to four; counted two blocks when I tried to trick him,jsm,606
1010,2021,1,28,Wednesday,9,0,NA,NA,dry,NA,,aym,651
1011,2021,1,28,Wednesday,10,39,NA,NA,wet,NA,,aym,651
1012,2021,1,28,Wednesday,13,50,NA,NA,wet,NA,,aym,651
1013,2021,1,28,Wednesday,11,40,13,50,nap,NA,,aym,651
1014,2021,1,27,Tuesday,8,0,NA,NA,wet,NA,,aym,650
1015,2021,1,27,Tuesday,10,30,NA,NA,bowel,NA,,aym,650
1016,2021,1,27,Tuesday,13,45,NA,NA,wet,NA,,aym,650
1017,2021,1,27,Tuesday,11,30,13,45,nap,NA,,aym,650
1018,2020,8,27,,8,5,NA,NA,wet,NA,,ap,497
1019,2020,8,27,,10,30,NA,NA,wet,NA,,am,497
1020,2020,8,27,,13,40,NA,NA,wet,NA,,kc,497
1021,2020,8,27,,15,5,NA,NA,wet,NA,,kc,497
1022,2020,8,27,,11,50,13,40,nap,NA,,am,497
1023,2021,1,22,Thursday,8,39,NA,NA,wet,NA,,ap,645
1024,2021,1,22,Thursday,10,39,NA,NA,wet,NA,,kc,645
1025,2021,1,22,Thursday,13,45,NA,NA,wet,NA,,kc,645
1026,2021,1,22,Thursday,11,30,13,45,nap,NA,,kc,645
1027,2020,3,9,,8,5,NA,NA,wet,NA,,ap,326
1028,2020,3,9,,9,38,NA,NA,wet,NA,,kc,326
1029,2020,3,9,,11,0,NA,NA,wet,NA,,kc,326
1030,2020,3,9,,13,0,NA,NA,wet,NA,,kc,326
1031,2020,3,9,,9,0,NA,NA,bottle,2,oz,kc,326
1032,2020,3,9,,11,15,NA,NA,bottle,2,oz,kc,326
1033,2020,3,9,,11,45,12,45,nap,NA,,kc,326
1034,2020,3,12,,10,0,NA,NA,wet,NA,,ij,329
1035,2020,3,12,,13,25,NA,NA,wet,NA,,jd,329
1036,2021,1,20,Wednesday,9,0,NA,NA,wet,NA,,aym,643
1037,2021,1,20,Wednesday,10,30,NA,NA,bowel,NA,,aym,643
1038,2021,1,20,Wednesday,13,57,NA,NA,wet,NA,,aym,643
1039,2021,1,20,Wednesday,12,0,13,0,nap,NA,,aym,643
1040,2021,1,21,Thursday,9,0,NA,NA,wet,NA,,ap,644
1041,2021,1,21,Thursday,10,30,NA,NA,wet,NA,,aym,644
1042,2021,1,21,Thursday,13,30,NA,NA,wet,NA,,aym,644
1043,2021,1,21,Thursday,11,48,13,0,nap,NA,,aym,644
1044,2020,2,26,,7,30,NA,NA,wet,NA,,ap,314
1045,2020,2,26,,9,13,NA,NA,dry,NA,,ij,314
1046,2020,2,26,,10,33,NA,NA,wet,NA,,kc,314
1047,2020,2,26,,13,0,NA,NA,dry,NA,,ij,314
1048,2020,2,26,,14,22,NA,NA,wet,NA,,kc,314
1049,2020,2,26,,8,0,NA,NA,bottle,3,oz,kc,314
1050,2020,2,26,,10,0,NA,NA,bottle,3,oz,kc,314
1051,2020,2,26,,11,0,NA,NA,bottle,3,oz,kc,314
1052,2020,2,26,,14,0,NA,NA,water,NA,,ij,314
1053,2020,2,26,,11,10,12,52,nap,NA,,kc,314
1054,2020,3,3,,8,5,NA,NA,wet,NA,,ap,320
1055,2020,3,3,,10,40,NA,NA,wet,NA,,kc,320
1056,2020,3,3,,13,47,NA,NA,wet,NA,,kc,320
1057,2020,3,3,,9,0,NA,NA,bottle,4,oz,kc,320
1058,2020,3,3,,11,0,NA,NA,bottle,4,oz,kc,320
1059,2020,3,3,,14,0,NA,NA,water,NA,,kc,320
1060,2020,3,3,,11,45,13,40,nap,NA,,kc,320
1061,2021,1,19,Tuesday,8,44,NA,NA,dry,NA,,aym,642
1062,2021,1,19,Tuesday,10,31,NA,NA,wet,NA,,aym,642
1063,2021,1,19,Tuesday,14,26,NA,NA,wet,NA,,mb,642
1064,2021,1,19,Tuesday,12,8,14,0,nap,NA,,aym,642
1065,2020,2,10,,8,50,NA,NA,wet,NA,,kc,298
1066,2020,2,10,,10,30,NA,NA,wet,NA,,kc,298
1067,2020,2,10,,12,30,NA,NA,wet,NA,,kc,298
1068,2020,2,10,,14,5,NA,NA,wet,NA,,kc,298
1069,2020,2,10,,8,0,NA,NA,bottle,3,oz,kc,298
1070,2020,2,10,,11,10,NA,NA,bottle,3,oz,kc,298
1071,2020,2,10,,13,10,NA,NA,water,NA,,kc,298
1072,2020,2,10,,14,9,NA,NA,water,NA,,kc,298
1073,2020,2,10,,11,30,12,15,nap,NA,,kc,298
1074,2020,2,20,,8,30,NA,NA,wet,NA,,ap,308
1075,2020,2,20,,10,30,NA,NA,wet,NA,,ap,308
1076,2020,2,20,,12,35,NA,NA,wet,NA,,ap,308
1077,2020,2,20,,14,14,NA,NA,wet,NA,,kc,308
1078,2020,2,20,,9,15,NA,NA,bottle,2,oz,ap,308
1079,2020,2,20,,11,10,NA,NA,bottle,1,oz,ap,308
1080,2020,2,20,,12,50,NA,NA,water,NA,,kc,308
1081,2020,2,20,,13,55,NA,NA,water,NA,,kc,308
1082,2020,2,20,,11,35,12,33,nap,NA,,kc,308
1083,2020,8,26,,7,45,NA,NA,dry,NA,,am,496
1084,2020,8,26,,8,40,NA,NA,bowel,NA,,ap,496
1085,2020,8,26,,11,45,NA,NA,dry,NA,,am,496
1086,2020,8,26,,13,30,NA,NA,wet,NA,,kc,496
1087,2020,8,26,,15,30,NA,NA,wet,NA,,kc,496
1088,2020,8,26,,11,20,NA,NA,bottle,3,oz,am,496
1089,2020,8,26,,14,0,NA,NA,water,NA,,ap,496
1090,2020,8,26,,8,0,NA,NA,water,NA,,ap,496
1091,2020,8,26,,11,50,13,30,nap,NA,,kc,496
1092,2020,3,5,,8,30,NA,NA,wet,NA,,ap,322
1093,2020,3,5,,10,30,NA,NA,wet,NA,,kc,322
1094,2020,3,5,,13,30,NA,NA,wet,NA,,kc,322
1095,2020,3,5,,9,30,NA,NA,bottle,1,oz,kc,322
1096,2020,3,5,,11,0,NA,NA,bottle,0,oz,kc,322
1097,2020,3,5,,13,45,NA,NA,water,NA,,kc,322
1098,2020,3,5,,14,30,NA,NA,bottle,0,oz,kc,322
1099,2020,3,5,,11,20,12,15,nap,NA,,kc,322
1100,2020,2,25,,8,30,NA,NA,wet,NA,,ap,313
1101,2020,2,25,,10,35,NA,NA,dry,NA,,ij,313
1102,2020,2,25,,12,45,NA,NA,wet,NA,,ij,313
1103,2020,2,25,,14,50,NA,NA,wet,NA,,ij,313
1104,2020,3,2,,8,15,NA,NA,wet,NA,,ap,319
1105,2020,3,2,,10,45,NA,NA,wet,NA,,kc,319
1106,2020,3,2,,12,45,NA,NA,wet,NA,,kc,319
1107,2020,3,2,,15,0,NA,NA,wet,NA,,ij,319
1108,2020,3,2,,9,0,NA,NA,bottle,4,oz,kc,319
1109,2020,3,2,,11,0,NA,NA,bottle,4,oz,kc,319
1110,2020,3,2,,11,30,12,30,nap,NA,,kc,319
1111,2020,8,24,,9,45,NA,NA,wet,NA,,ap,494
1112,2020,8,24,,11,54,NA,NA,wet,NA,,ap,494
1113,2020,8,24,,13,35,NA,NA,wet,NA,,ap,494
1114,2020,8,24,,13,57,NA,NA,bowel,NA,,ap,494
1115,2020,8,24,,15,10,NA,NA,wet,NA,,ap,494
1116,2020,8,24,,8,15,NA,NA,bottle,0,oz,ap,494
1117,2020,8,24,,10,35,NA,NA,water,1,oz,ap,494
1118,2020,8,24,,10,45,11,49,nap,NA,,ap,494
1119,2020,10,8,,8,15,NA,NA,wet,NA,,ap,539
1120,2020,10,8,,10,30,NA,NA,wet,NA,,am,539
1121,2020,10,8,,13,30,NA,NA,wet,NA,,am,539
1122,2020,10,8,,14,25,NA,NA,bowel,NA,,am,539
1123,2020,10,8,,11,30,13,30,nap,NA,,am,539
1124,2020,10,7,,7,45,NA,NA,bowel,NA,,am,538
1125,2020,10,7,,10,20,NA,NA,wet,NA,,ap,538
1126,2020,10,7,,13,25,NA,NA,wet,NA,,ap,538
1127,2020,10,7,,14,45,NA,NA,wet,NA,,am,538
1128,2020,10,7,,11,15,13,20,nap,NA,,ap,538
1129,2020,10,6,,8,15,NA,NA,wet,NA,,am,537
1130,2020,10,6,,10,5,NA,NA,wet,NA,,melody,537
1131,2020,10,6,,13,10,NA,NA,wet,NA,,melody,537
1132,2020,10,6,,11,30,13,0,nap,NA,,melody,537
1133,2020,9,1,,8,10,NA,NA,dry,NA,,ap,502
1134,2020,9,1,,10,30,NA,NA,bowel,NA,,am,502
1135,2020,9,1,,13,40,NA,NA,dry,NA,,am,502
1136,2020,9,1,,15,30,NA,NA,bowel,NA,,am,502
1137,2020,9,1,,11,45,13,40,nap,NA,,am,502
1138,2020,9,2,,8,30,NA,NA,bowel,NA,,aym,503
1139,2020,9,2,,10,30,NA,NA,wet,NA,,kc,503
1140,2020,9,2,,13,30,NA,NA,wet,NA,,am,503
1141,2020,9,2,,14,40,NA,NA,bowel,NA,,kc,503
1142,2020,9,2,,11,30,12,15,nap,NA,,kc,503
1143,2020,10,5,,8,0,NA,NA,wet,NA,,ap,536
1144,2020,10,5,,10,30,NA,NA,wet,NA,,kc,536
1145,2020,10,5,,13,35,NA,NA,wet,NA,,kc,536
1146,2020,10,5,,11,30,13,30,nap,NA,,kc,536
1147,2020,3,10,,8,40,NA,NA,wet,NA,,ap,327
1148,2020,3,10,,10,45,NA,NA,wet,NA,,kc,327
1149,2020,3,10,,12,35,NA,NA,dry,NA,,kc,327
1150,2020,3,10,,14,10,NA,NA,wet,NA,,kc,327
1151,2020,3,10,,9,0,NA,NA,bottle,1,oz,kc,327
1152,2020,3,10,,11,0,NA,NA,bottle,2,oz,kc,327
1153,2020,3,10,,12,37,NA,NA,water,NA,,kc,327
1154,2020,3,10,,14,0,NA,NA,water,NA,,kc,327
1155,2020,3,10,,11,45,12,30,nap,NA,,kc,327
1156,2020,2,13,,8,45,NA,NA,wet,NA,,ap,301
1157,2020,2,13,,9,15,NA,NA,bowel,NA,,ap,301
1158,2020,2,13,,10,40,NA,NA,wet,NA,,ij,301
1159,2020,2,13,,13,45,NA,NA,wet,NA,,ij,301
1160,2020,2,13,,11,20,13,0,nap,NA,,ij,301
1161,2020,2,5,,7,45,NA,NA,dry,NA,,ap,293
1162,2020,2,5,,8,55,NA,NA,wet,NA,,melody,293
1163,2020,2,5,,10,15,NA,NA,bowel,NA,,kc,293
1164,2020,2,5,,13,5,NA,NA,dry,NA,,melody,293
1165,2020,2,5,,9,30,NA,NA,bottle,3,oz,melody,293
1166,2020,2,5,,11,0,NA,NA,water,NA,,melody,293
1167,2020,2,5,,14,0,NA,NA,bottle,3,oz,melody,293
1168,2020,2,5,,11,10,12,55,nap,NA,,melody,293
1169,2020,2,19,,8,25,NA,NA,wet,NA,,ap,307
1170,2020,2,19,,10,15,NA,NA,wet,NA,,kc,307
1171,2020,2,19,,12,50,NA,NA,wet,NA,,ap,307
1172,2020,2,19,,13,15,NA,NA,bowel,NA,,ap,307
1173,2020,2,19,,9,15,NA,NA,bottle,2,oz,ap,307
1174,2020,2,19,,12,55,NA,NA,bottle,1,oz,ap,307
1175,2020,2,19,,11,10,12,15,nap,NA,,ap,307
1176,2020,2,14,,8,15,NA,NA,wet,NA,,ap,302
1177,2020,2,14,,10,5,NA,NA,wet,NA,,ap,302
1178,2020,2,14,,11,10,NA,NA,bowel,NA,,ap,302
1179,2020,2,14,,12,57,NA,NA,wet,NA,,ap,302
1180,2020,2,14,,14,15,NA,NA,wet,NA,,ap,302
1181,2020,2,14,,9,45,NA,NA,bottle,2,oz,ap,302
1182,2020,2,14,,12,45,NA,NA,bottle,2,oz,ap,302
1183,2020,2,14,,11,15,12,30,nap,NA,,ap,302
1184,2020,2,18,,8,5,NA,NA,wet,NA,,ap,306
1185,2020,2,18,,10,30,NA,NA,bowel,NA,,kc,306
1186,2020,2,18,,13,50,NA,NA,wet,NA,,kc,306
1187,2020,2,18,,9,0,NA,NA,bottle,3,oz,kc,306
1188,2020,2,18,,11,0,NA,NA,bottle,3,oz,kc,306
1189,2020,2,18,,14,0,NA,NA,water,NA,,kc,306
1190,2020,2,18,,11,20,13,20,nap,NA,,kc,306
1191,2020,2,11,,8,10,NA,NA,wet,NA,,ap,299
1192,2020,2,11,,10,15,NA,NA,wet,NA,,ap,299
1193,2020,2,11,,12,5,NA,NA,bowel,NA,,ap,299
1194,2020,2,11,,14,0,NA,NA,wet,NA,,ap,299
1195,2020,2,11,,9,15,NA,NA,bottle,2,,ap,299
1196,2020,2,11,,12,42,NA,NA,bottle,2,,ap,299
1197,2020,2,11,,13,40,NA,NA,bottle,1,,ap,299
1198,2020,2,11,,11,5,11,59,nap,NA,,ap,299
1199,2020,2,4,,7,30,NA,NA,wet,NA,,kc,292
1200,2020,2,4,,9,20,NA,NA,wet,NA,,ap,292
1201,2020,2,4,,11,45,NA,NA,wet,NA,,ap,292
1202,2020,2,4,,14,40,NA,NA,wet,NA,,ap,292
1203,2020,2,4,,9,0,NA,NA,bottle,3,oz,ap,292
1204,2020,2,4,,11,0,NA,NA,bottle,3,oz,ap,292
1205,2020,2,4,,13,35,NA,NA,bottle,3,oz,ap,292
1206,2020,2,4,,13,50,14,35,nap,NA,,ap,292
1207,2020,9,28,,7,45,NA,NA,bowel,NA,,kc,529
1208,2020,9,28,,10,30,NA,NA,wet,NA,,am,529
1209,2020,9,28,,13,30,NA,NA,wet,NA,,am,529
1210,2020,9,29,,8,0,NA,NA,wet,NA,,am,530
1211,2020,9,29,,9,45,NA,NA,bowel,NA,,am,530
1212,2020,9,29,,10,30,NA,NA,dry,NA,,am,530
1213,2020,9,29,,13,38,NA,NA,wet,NA,,am,530
1214,2020,9,29,,11,0,13,30,nap,NA,,am,530
1215,2020,9,30,,8,0,NA,NA,bowel,NA,,ap,531
1216,2020,9,30,,10,30,NA,NA,wet,NA,,am,531
1217,2020,9,30,,13,45,NA,NA,wet,NA,,am,531
1218,2020,9,30,,14,30,NA,NA,bowel,NA,,am,531
1219,2020,9,30,,11,30,13,40,nap,NA,,am,531
1220,2020,10,1,,8,0,NA,NA,bowel,NA,,am,532
1221,2020,10,1,,10,30,NA,NA,wet,NA,,am,532
1222,2020,10,1,,13,30,NA,NA,wet,NA,,kc,532
1223,2020,10,1,,11,30,13,30,nap,NA,,am,532
1224,2020,10,2,,8,15,NA,NA,bowel,NA,,kc,533
1225,2020,10,2,,10,15,NA,NA,dry,NA,,ap,533
1226,2020,10,2,,11,48,NA,NA,wet,NA,,ap,533
1227,2020,10,2,,13,40,NA,NA,wet,NA,,ap,533
1228,2020,10,2,,15,2,NA,NA,wet,NA,,ap,533
1229,2020,10,2,,10,57,11,46,nap,NA,,ap,533
1230,2020,1,21,,8,20,NA,NA,wet,NA,,ap,278
1231,2020,1,21,,10,15,NA,NA,dry,NA,,ap,278
1232,2020,1,21,,12,25,NA,NA,wet,NA,,kc,278
1233,2020,1,21,,14,20,NA,NA,wet,NA,,ap,278
1234,2020,1,21,,8,25,NA,NA,water,NA,,ap,278
1235,2020,1,21,,9,40,NA,NA,water,NA,,ap,278
1236,2020,1,21,,10,50,NA,NA,water,NA,,ap,278
1237,2020,1,21,,13,0,NA,NA,bottle,1,oz,ap,278
1238,2020,1,21,,11,5,12,20,nap,NA,,ap,278
1239,2020,2,21,,8,30,NA,NA,wet,NA,,ap,309
1240,2020,2,21,,10,10,NA,NA,bowel,NA,,ap,309
1241,2020,2,21,,12,45,NA,NA,wet,NA,,ap,309
1242,2020,2,21,,14,46,NA,NA,wet,NA,,kc,309
1243,2020,2,21,,9,20,NA,NA,bottle,2,oz,ap,309
1244,2020,2,21,,11,5,NA,NA,water,NA,,ap,309
1245,2020,2,21,,13,10,NA,NA,bottle,2,oz,ap,309
1246,2020,2,21,,11,25,12,8,nap,NA,,ap,309
1247,2020,2,6,,8,10,NA,NA,wet,NA,,ap,294
1248,2020,2,6,,10,5,NA,NA,bowel,NA,,ap,294
1249,2020,2,6,,9,25,NA,NA,bottle,3,oz,ap,294
1250,2020,2,6,,11,0,NA,NA,bottle,3,oz,ap,294
1251,2020,2,24,,8,20,NA,NA,wet,NA,,ap,312
1252,2020,2,24,,10,20,NA,NA,wet,NA,,kc,312
1253,2020,2,24,,13,30,NA,NA,wet,NA,,kc,312
1254,2020,2,24,,8,0,NA,NA,bottle,3,oz,kc,312
1255,2020,2,24,,11,0,NA,NA,bottle,3,oz,kc,312
1256,2020,2,24,,13,30,NA,NA,water,NA,,kc,312
1257,2020,2,24,,11,20,13,20,nap,NA,,kc,312
1258,2020,1,28,,8,10,NA,NA,wet,NA,,ap,285
1259,2020,1,28,,10,5,NA,NA,bowel,NA,,ap,285
1260,2020,1,28,,12,40,NA,NA,wet,NA,,ap,285
1261,2020,1,28,,14,15,NA,NA,dry,NA,,ap,285
1262,2020,1,28,,10,10,NA,NA,bottle,2,oz,ap,285
1263,2020,1,28,,11,10,NA,NA,bottle,1,oz,ap,285
1264,2020,1,28,,14,50,NA,NA,water,NA,,ap,285
1265,2020,1,28,,11,15,12,20,nap,NA,,ap,285
1266,2020,1,30,,8,20,NA,NA,wet,NA,,kc,287
1267,2020,1,30,,10,20,NA,NA,wet,NA,,kc,287
1268,2020,1,30,,12,32,NA,NA,wet,NA,,kc,287
1269,2020,1,30,,14,34,NA,NA,dry,NA,,kc,287
1270,2020,1,30,,8,50,NA,NA,bottle,3,oz,kc,287
1271,2020,1,30,,10,50,NA,NA,water,NA,,kc,287
1272,2020,1,30,,12,30,NA,NA,bottle,3,oz,kc,287
1273,2020,1,30,,14,12,NA,NA,bottle,3,oz,kc,287
1274,2020,1,30,,11,5,12,29,nap,NA,,kc,287
1275,2020,1,23,,7,14,NA,NA,wet,NA,,kc,280
1276,2020,1,23,,9,0,NA,NA,wet,NA,,ac,280
1277,2020,1,23,,10,30,NA,NA,wet,NA,,kc,280
1278,2020,1,23,,13,0,NA,NA,bowel,NA,,kc,280
1279,2020,1,23,,11,0,NA,NA,water,NA,,kc,280
1280,2020,1,23,,13,30,NA,NA,bottle,3,oz,kc,280
1281,2020,1,23,,11,10,12,50,nap,NA,,kc,280
1282,2020,1,17,,7,33,NA,NA,bowel,NA,,kc,274
1283,2020,1,17,,9,10,NA,NA,dry,NA,,ap,274
1284,2020,1,17,,10,30,NA,NA,wet,NA,,kc,274
1285,2020,1,17,,13,17,NA,NA,wet,NA,,kc,274
1286,2020,1,17,,14,5,NA,NA,wet,NA,,kc,274
1287,2020,1,17,,13,45,NA,NA,water,NA,,kc,274
1288,2020,1,17,,14,21,NA,NA,water,NA,,kc,274
1289,2020,1,17,,11,30,13,0,nap,NA,,kc,274
1290,2020,1,27,,8,30,NA,NA,wet,NA,,ap,284
1291,2020,1,27,,10,10,NA,NA,dry,NA,,ap,284
1292,2020,1,27,,12,20,NA,NA,wet,NA,,ap,284
1293,2020,1,27,,14,0,NA,NA,wet,NA,,ap,284
1294,2020,1,27,,9,40,NA,NA,water,NA,,ap,284
1295,2020,1,27,,10,50,NA,NA,water,NA,,ap,284
1296,2020,1,27,,14,10,NA,NA,bottle,2,oz,ap,284
1297,2020,1,27,,11,10,12,15,nap,NA,,ap,284
1298,2020,1,31,,8,45,NA,NA,wet,NA,,ap,288
1299,2020,1,31,,10,30,NA,NA,wet,NA,,ap,288
1300,2020,1,31,,12,50,NA,NA,wet,NA,,ap,288
1301,2020,1,31,,14,35,NA,NA,dry,NA,,ap,288
1302,2020,1,31,,8,10,NA,NA,water,NA,,ap,288
1303,2020,1,31,,11,0,NA,NA,water,NA,,ap,288
1304,2020,1,31,,14,15,NA,NA,water,NA,,ap,288
1305,2020,1,31,,11,17,12,30,nap,NA,,ap,288
1306,2020,2,28,,8,15,NA,NA,wet,NA,,ij,316
1307,2020,2,28,,10,20,NA,NA,wet,NA,,ap,316
1308,2020,2,28,,12,25,NA,NA,wet,NA,,ap,316
1309,2020,2,28,,14,5,NA,NA,wet,NA,,ap,316
1310,2020,2,28,,9,20,NA,NA,bottle,2,oz,ap,316
1311,2020,2,28,,10,50,NA,NA,water,NA,,ap,316
1312,2020,2,28,,12,35,NA,NA,bottle,3,oz,ap,316
1313,2020,2,28,,11,15,12,3,nap,NA,,ap,316
1314,2020,1,29,,8,10,NA,NA,wet,NA,,kc,286
1315,2020,1,29,,9,10,NA,NA,bowel,NA,,hannah,286
1316,2020,1,29,,10,11,NA,NA,wet,NA,,kc,286
1317,2020,1,29,,11,50,NA,NA,wet,NA,,ap,286
1318,2020,1,29,,13,59,NA,NA,dry,NA,,kc,286
1319,2020,1,29,,14,17,NA,NA,wet,NA,,kc,286
1320,2020,1,29,,9,50,NA,NA,water,NA,,kc,286
1321,2020,1,29,,12,31,NA,NA,bottle,4,oz,kc,286
1322,2020,1,29,,14,0,NA,NA,bottle,2,oz,kc,286
1323,2020,1,29,,11,15,11,45,nap,NA,,ap,286
1324,2020,2,12,,8,15,NA,NA,wet,NA,,ap,300
1325,2020,2,12,,10,15,NA,NA,wet,NA,,kc,300
1326,2020,2,12,,13,10,NA,NA,wet,NA,,kc,300
1327,2020,2,12,,11,0,NA,NA,bottle,3,oz,kc,300
1328,2020,2,12,,13,6,NA,NA,bottle,3,oz,kc,300
1329,2020,2,12,,14,0,NA,NA,water,NA,,kc,300
1330,2020,2,12,,11,20,13,0,nap,NA,,kc,300
1331,2020,3,4,,8,20,NA,NA,wet,NA,,ap,321
1332,2020,3,4,,10,50,NA,NA,wet,NA,,kc,321
1333,2020,3,4,,13,8,NA,NA,wet,NA,,kc,321
1334,2020,3,4,,15,0,NA,NA,wet,NA,,kc,321
1335,2020,3,4,,9,0,NA,NA,bottle,3,oz,kc,321
1336,2020,3,4,,11,0,NA,NA,bottle,2,oz,kc,321
1337,2020,3,4,,14,0,NA,NA,water,NA,,kc,321
1338,2020,3,4,,11,20,13,6,nap,NA,,kc,321
1339,2020,2,17,,8,10,NA,NA,wet,NA,,ap,305
1340,2020,2,17,,10,40,NA,NA,wet,NA,,ij,305
1341,2020,2,17,,13,50,NA,NA,wet,NA,,ij,305
1342,2020,2,17,,14,30,NA,NA,wet,NA,,kc,305
1343,2020,2,17,,8,0,NA,NA,bottle,3,oz,ap,305
1344,2020,2,17,,11,0,NA,NA,bottle,3,oz,ij,305
1345,2020,2,17,,14,9,NA,NA,water,NA,,ij,305
1346,2020,2,17,,11,20,13,20,nap,NA,,ij,305
1347,2021,1,25,,8,30,NA,NA,wet,NA,,ap,648
1348,2021,1,25,,10,45,NA,NA,wet,NA,,jd,648
1349,2021,1,25,,14,0,NA,NA,wet,NA,,jd,648
1350,2021,1,25,,14,55,NA,NA,dry,NA,,mb,648
1351,2021,1,25,,11,30,13,0,nap,NA,,mb,648
1352,2021,1,29,,8,0,NA,NA,wet,NA,,jd,652
1353,2021,1,29,,9,35,NA,NA,bowel,NA,,aym,652
1354,2021,1,29,,10,29,NA,NA,bowel,NA,,aym,652
1355,2021,1,29,,13,5,NA,NA,wet,NA,,aym,652
1356,2021,1,29,,11,30,13,0,nap,NA,,aym,652
1357,2021,3,28,,14,0,NA,NA,ride_atv,NA,,dlm,710
1358,2021,3,28,,12,0,NA,NA,skill_rightleft,NA,,dlm,710
1359,2021,5,11,,15,0,NA,NA,trait_mass,15,kg,rainbow,754
1360,2021,6,7,,10,0,NA,NA,skill_count_to_89,NA,,jsm,781
1361,2021,6,12,,13,0,NA,NA,skill_jump,NA,,jsmkch,786
1362,2021,6,14,,16,30,NA,NA,skill_potty_pee,NA,,kch,788
1363,2021,12,17,,12,0,NA,NA,skill_potty_pee_undies_noaccidents,NA,,jsm,974
1364,2022,1,25,,16,0,NA,NA,skill_potty_poop,NA,,jsm,1013
1365,2022,3,16,,NA,NA,NA,NA,first_overnight_stay,NA,,dlm,1063
1366,2022,5,12,Thursday,15,0,NA,NA,trait_mass,15.9,kg,rainbow,1120
1367,2022,10,17,Monday,15,30,NA,NA,trait_mass,17.75,kg,rainbow,1278
1368,2022,10,17,Monday,15,30,NA,NA,trait_length,110.49,cm,rainbow,1278
1369,2022,8,16,Tuesday,15,30,NA,NA,trait_length,100.46,cm,rainbow,1216
1370,2021,10,10,,NA,NA,NA,NA,trait_length,96.52,cm,rainbow,906
1371,2022,12,25,Sunday,NA,NA,NA,NA,trait_mass,17.96,kg,jsm,1347
